transaction_dtm|bban|color|phone_number|lat|long|age
2013-07-07T00:56:46|CTGD18196001338908|DarkMagenta|863.794.0265x42351|-65.103727|23.971919|81
1976-07-31T21:34:03|JIGB78161849593103|Peru|001-316-475-2553x41928|-24.2840675|-92.273955|14
2001-06-16T12:57:29|JZQO50305641395376|SkyBlue|242.388.4969x65328|42.4771495|-131.193381|3
1973-03-17T02:00:42|WDER91669784801845|Chocolate|704-828-1489x32528|52.3657295|-179.692966|94
2010-10-04T20:21:46|IAYW43039117182278|DarkGoldenRod|(963)834-6578x71331|0.7541535|-168.707317|35
2010-01-13T11:49:05|OPAS03105183473829|Maroon|763.116.5667|-75.458534|170.821241|31
2013-12-21T21:14:08|CKIW33387262473178|CadetBlue|801.326.7736x02606|-18.8100965|64.280759|28
1989-05-30T21:47:37|KYZO72343098050097|LightSalmon|+1-208-121-9136x19399|-79.3319285|152.527916|17
1975-07-31T17:00:26|KPNY35346247510799|YellowGreen|3842513542|27.624274|111.637921|94
2017-11-16T13:54:41|HZUN84124118244935|DarkOliveGreen|487.401.6400x5242|28.6043165|116.181171|13
2018-01-08T11:01:50|LABW28059826204505|DarkOrange|158.692.3226|-83.3464605|-83.706478|86
2020-02-15T09:49:08|YUKR34216073375433|Aquamarine|(541)458-6850|-59.038186|-39.761159|94
1982-02-25T07:51:09|PZAP55698169340608|Tan|(356)159-5148x46564|58.8239675|-111.662882|69
1983-01-21T05:04:27|KYRX99468044369957|LawnGreen|872.148.9513x43320|-77.594599|-48.551162|11
2002-05-02T13:52:01|PTLX93676320163287|Black|172.788.9579|45.500356|49.104699|75
2007-04-14T10:21:01|LEWL34873471434558|Brown|623-166-5876|-73.2856745|-68.956633|54
1998-08-04T17:22:23|KUYA96705466889373|DeepPink|(656)272-9806x9901|82.5367955|50.109728|4
1979-03-27T19:53:40|WEGI75564641708053|MintCream|+1-003-309-2327x193|34.8316095|-42.430213|3
1995-02-07T22:32:35|EPTC24190496631931|Olive|919.058.6518|83.8235685|3.197093|11
1970-11-11T11:17:59|WVCY72628498776945|SeaGreen|+1-147-379-9650x7527|-33.059512|10.495200|27
1987-08-01T09:13:01|IWSH08313678377701|DodgerBlue|349-578-8568x55744|-22.5143395|-56.230831|29
1978-03-18T22:02:10|SITY23374989413435|DarkGreen|8240084271|-86.707532|128.198383|64
1989-05-08T07:00:56|MLEB71167190229413|Coral|+1-999-386-7749x649|76.7057525|-147.664102|77
2011-06-27T11:00:09|YCTQ41232812067974|Azure|471.349.3618|-29.653174|167.696244|3
1980-02-21T03:38:08|XVBE49947174648877|Brown|6594013990|-17.6536855|129.370245|71
1972-09-26T23:07:43|TENL42967175655125|Ivory|(680)715-4516x8087|20.930301|-150.899404|25
1982-10-07T09:20:41|NQML03482477109324|LimeGreen|(131)712-7484x67737|57.979092|-102.345936|91
1996-02-08T01:58:21|EPTD14658404499727|LightYellow|886-753-3963x605|36.9635945|24.671914|83
1996-04-10T00:56:41|ZUQD02895171870262|BlueViolet|+1-459-615-8657x809|-71.6334455|-53.958685|89
2012-12-13T14:12:41|RHFC11724005045562|DarkSlateBlue|222-196-9379x23747|-21.4612595|178.007385|69
1970-08-22T13:47:05|XMHO17594647436713|HoneyDew|440-640-9097x439|4.5754365|-62.422836|53
2013-04-28T05:21:21|EGTT21047095214562|DarkOliveGreen|+1-588-424-7451x712|-29.437018|33.358670|28
2007-12-05T01:55:37|JUAN75496513709859|DarkOrchid|7461200471|-63.910221|-53.942695|57
2006-07-31T19:02:25|DLRT86926179640537|LemonChiffon|(515)850-6431|32.0622655|-130.783207|75
2015-02-07T04:57:09|FQZB53293183933529|AliceBlue|+1-228-421-0205x39502|-18.765951|-151.868490|35
1978-08-17T14:24:54|TNTM58917839084700|YellowGreen|+1-617-711-5921x24998|-2.708697|24.496488|0
2010-08-27T06:07:17|NLPC18367365766156|FloralWhite|271.111.6152|59.349632|-147.797958|97
2009-11-28T16:02:44|YORK60494519832731|GoldenRod|(149)368-9980x94024|-7.057556|2.441975|20
1993-11-20T17:37:44|AWOK20183667525459|MediumOrchid|001-229-014-7679x764|-32.1336465|95.063830|89
1977-09-29T22:47:15|ICRP84036900343244|Fuchsia|6226838851|16.587980|-157.289146|54
1999-09-08T07:07:37|AXWO96641605297516|SandyBrown|968.164.5352|-69.4970675|94.063627|43
2013-02-02T21:13:39|CNXJ23124329212779|PapayaWhip|(995)527-1774x490|4.473770|92.374417|35
1975-01-19T00:27:11|ILBV11998679807935|MediumPurple|(071)518-2037x7889|-47.3868885|15.366228|19
1995-05-17T06:52:15|XKUR05151864492519|MistyRose|001-462-914-8652x816|46.496339|14.254981|27
1971-03-30T02:56:27|JEFY73322141888059|Cornsilk|229-270-6537x9473|53.347527|-51.597392|97
1991-01-22T20:47:16|ZUXF97746886239240|MediumVioletRed|+1-818-141-2478x26137|3.841028|-165.681550|43
1998-03-27T07:38:52|BNGZ53051522047277|MediumSlateBlue|001-043-289-8614x341|-77.182356|-51.988767|13
1998-07-27T19:41:26|QQBV79808932460953|Magenta|(185)188-8880|14.8116255|72.401850|11
1972-12-18T01:17:48|QZGA15319520585277|MediumTurquoise|+1-170-430-3054x8687|-22.0016035|-160.339376|48
2014-01-08T19:10:55|EJUW54156676527758|DarkViolet|616-928-4511|-1.974671|174.828306|12
1990-02-13T04:06:07|HPLR57059640165820|Crimson|702.135.5690x9275|9.8615815|58.338089|45
1975-03-26T23:56:43|ONKQ31027868144739|DeepSkyBlue|001-731-217-2715x518|55.5380165|-24.112940|44
1990-05-31T11:07:37|WSYQ58313237058957|Purple|(911)467-8669x12517|35.046147|97.755542|77
1993-06-11T23:04:18|DVOP26801824225358|SlateGray|+1-438-424-9818x29922|86.8272585|155.264709|33
2019-01-15T10:11:14|XIYB01094396907844|LightGray|+1-647-102-7677x3592|-6.0917755|-8.568319|5
2019-12-18T15:12:39|ZIKT88153714732104|Tomato|+1-632-595-3278x77470|-65.827632|31.120291|93
2004-05-24T21:21:58|LGPB47974801624565|Bisque|8358416878|-14.913053|154.600275|58
2016-04-20T09:35:56|PDCJ58523986800025|Purple|(298)259-5269x4958|46.8253365|105.797770|68
2003-05-03T04:54:39|SHVJ16940974993097|DarkGoldenRod|962.309.1307x5626|-35.268244|40.319692|15
2004-02-24T18:59:37|UXWT02838578652785|Lime|497.334.8434x43757|3.6311395|120.909483|48
2019-02-10T01:34:22|HDRJ65240415747338|DarkViolet|421.993.3083x301|20.9447405|-2.674963|10
2018-10-26T00:45:00|MRDZ26773454019380|SpringGreen|(206)724-0049|71.8083205|-122.393381|70
1992-10-19T12:24:30|HZOM28743152742054|Magenta|001-296-685-1612|-52.254787|76.331218|37
1992-01-09T03:54:48|YAJL45499045301742|Indigo|(414)593-3272x7956|57.4340145|72.773899|80
2006-07-31T01:47:21|UVTR91878519108839|LightYellow|(871)397-1870|31.717307|-109.162924|79
2004-12-04T20:15:45|KOOR40640391065180|Teal|7046226567|11.333405|21.673162|46
1975-06-18T14:59:07|RROQ51286823004786|LightSteelBlue|+1-375-243-1069x0331|-62.9157455|138.871339|73
1972-04-14T13:01:37|LRWG06738302843959|MediumOrchid|534.283.6440x89268|43.0421935|-154.829295|24
1993-06-09T11:26:47|YRUI66246287334270|Linen|001-882-634-3517x51830|-17.935392|22.490515|90
2015-11-05T04:57:06|PBBU98373540331739|OliveDrab|385-467-8544x5877|-63.5300555|72.055750|8
1991-10-17T10:35:41|XJKO32048996423536|Magenta|854.777.2522|56.712412|82.162829|5
1982-07-11T12:46:08|XOQB01006231203875|BlanchedAlmond|977.008.8600x8484|-85.3983195|89.625176|84
2017-06-28T09:09:08|RUXC18233984546156|LightCoral|341.016.6687|-74.9367615|161.851520|29
1970-08-23T21:14:41|SCVQ59180339740148|Linen|5039261429|-25.448737|124.242552|98
1996-06-25T12:57:28|ROJT18501631599965|Azure|773.586.6296|-66.996661|152.116879|37
1990-02-06T16:43:24|USCE26551104754121|DarkKhaki|(886)101-5819x956|-86.687341|-23.315645|10
1998-02-28T07:19:13|KCXX39826224447212|LavenderBlush|715-437-9937x12406|-0.8211215|152.963145|29
1995-11-08T05:11:05|UIIV92459375265479|Pink|465-193-9828x073|27.6968555|-23.592749|12
2017-02-23T12:20:38|BWUR24342661797968|LightSalmon|001-680-589-1135x2909|83.149245|167.217831|48
1997-03-12T13:16:01|ZIUC14388899375679|OldLace|071-461-1254|2.091261|64.454845|35
1984-01-29T17:09:52|NJCS75140105123828|DarkCyan|(736)226-6093x79660|-32.3411095|-69.520297|58
1988-12-10T07:09:24|TVBC82553714785969|HotPink|579-249-9125|-58.3617525|-51.917241|81
1990-10-13T06:16:10|DJDK92966278282742|DarkKhaki|+1-905-072-3688x76767|41.1842775|-90.206467|46
1975-08-17T18:56:58|OUFA38427978819148|RoyalBlue|078-361-3407x4517|-58.489429|-52.790554|20
1984-04-13T13:12:11|VPJS62923309584982|Fuchsia|+1-494-812-6042|-54.3810695|-45.955551|47
1979-12-14T21:36:45|SVTR72946671168457|Turquoise|017-518-6363x745|-13.8735625|1.330918|45
2007-03-31T11:26:58|POMI00170127706324|DarkCyan|001-415-415-2064x3611|-89.7083965|-65.420379|26
2002-06-13T02:17:03|CPNL05162713611155|SkyBlue|221-890-9275|-32.808364|157.197902|85
1980-04-20T10:11:11|XQLF12196565234138|MediumPurple|001-404-389-8364|83.454878|-150.703422|34
1986-04-15T20:30:45|MCMP80552696582710|MediumBlue|3006848666|-67.8734525|163.885837|89
2006-07-07T09:22:55|NDCC32856914630316|Coral|042.102.0275x8842|9.8229415|-111.854649|87
1988-04-16T04:15:42|TDXI64814917785079|DarkGoldenRod|191-380-0030|36.638343|15.408393|82
1996-01-24T00:09:16|XEYA63536541951802|DarkRed|(061)744-5187x0534|61.3457185|-16.839935|9
2020-04-30T06:15:30|QMPM38320603850506|SandyBrown|001-138-367-0241|-78.215613|-55.729112|77
2005-05-15T16:27:02|KXLT91826199062344|SeaGreen|001-655-743-1329x1212|30.679654|70.211434|81
1991-05-16T08:09:16|KNZF47411249035213|Wheat|044-206-7883x1712|-57.397639|-173.580675|21
1974-03-13T19:05:59|VZDV51994101372151|Beige|(296)670-6625x324|-14.877116|59.450562|68
1980-02-12T06:05:23|AQGH68701462638380|Yellow|+1-578-759-8564x205|70.2872005|-62.414429|93
1971-12-30T08:11:36|XUBZ85932133480396|GoldenRod|+1-223-955-9059x9293|42.1311055|111.050930|31
1991-01-12T13:20:27|EABP08705932525002|MediumBlue|001-185-156-9154x522|27.2709635|163.203312|20
2003-02-26T10:07:54|QEZS95392644220969|Azure|939.172.5135x5215|29.891310|-173.882021|59
1988-01-18T21:23:00|FSJU00676267658617|Plum|327.104.0541x152|10.786209|-93.615058|48
2019-10-24T14:06:50|BYZI97062962015336|Olive|001-844-431-0698|41.7879245|-97.542032|34
1973-09-16T17:24:44|JLHR97310324171467|LightGreen|186.256.5270x47743|-17.9084385|122.927581|81
1974-03-13T01:19:05|DSCR86938068687937|DodgerBlue|089-899-2172x2332|-78.544276|47.297669|88
1975-05-02T20:38:28|ZLZQ94511686854870|Plum|861.622.9991x1914|53.783016|4.613358|71
1997-12-17T17:27:17|GROM24629960653074|SlateGray|4447132475|-17.6781245|43.753154|28
2011-03-03T20:06:24|QEFV78508214862890|DarkGray|+1-303-070-5345x78610|-25.0552365|19.966569|87
2003-04-06T20:38:46|PEWP55241406029333|NavajoWhite|680.072.2903|-22.249457|146.602135|41
1990-10-15T05:48:21|SSHX57437489691085|Linen|441.715.4544x432|48.8599395|-50.988807|98
1973-11-12T03:24:38|UUPR20744666099353|OldLace|758.428.2417x2482|0.0956525|171.346926|99
1976-01-29T13:25:11|FFWK55494717099917|SlateBlue|(684)602-2356x9725|-41.5858495|-136.614676|7
2003-03-07T21:18:15|IZIB74329271296666|Wheat|083-505-8300x3354|-55.3904005|-124.858944|29
1996-02-07T04:46:11|NHBB47898562575326|Aqua|(230)982-1506|81.8848825|-42.674234|4
2006-05-22T20:55:00|QPBC00167618472304|Khaki|849-926-1891|-14.1114795|-118.789979|40
1977-03-26T04:46:19|MPUV35642087375300|NavajoWhite|001-972-181-1437x447|-76.556700|-126.415500|51
1981-11-21T05:41:18|WWJR61100225579415|RosyBrown|(667)467-6212|-74.257229|-94.425245|34
1977-01-21T19:16:46|KPUR29659027716701|DarkTurquoise|899.358.8916|87.6273015|-46.546244|8
2002-10-18T10:14:56|IRKV89002877217535|Wheat|3866317797|-66.3723495|87.606606|27
2000-06-03T22:31:25|IZTA66088019948837|Turquoise|037-589-9757x1130|1.6323535|10.663786|72
2013-02-13T17:36:55|ZHNS02726149331637|RoyalBlue|(516)091-7798|-53.858922|87.806588|91
1970-04-18T19:29:38|NBYV78292216995866|WhiteSmoke|001-346-547-2269x848|-5.735214|117.201838|40
2013-01-17T22:37:49|FFSR22885158799684|Silver|081-062-0034x24420|-10.7738075|-70.477851|27
2006-10-29T21:43:30|AVCW83863840666580|AntiqueWhite|973.598.9334|30.4778385|-84.745200|83
2016-06-15T13:52:12|BZTD06484229405720|DarkBlue|094-798-5158x328|-71.699019|91.195161|63
1980-11-05T04:12:05|KNCF35554398780157|DarkSeaGreen|930.561.6484x08588|29.6032695|81.351288|50
1972-12-25T22:32:07|HQIC12880133613861|PaleTurquoise|750-110-2481|64.340264|-57.783684|82
1987-08-08T17:31:11|KLKI61809190158144|MediumPurple|766.072.8326|56.4917975|-21.634642|58
2013-02-23T06:58:33|DRXU50882100996881|FireBrick|001-536-822-2394|-37.835953|-118.462490|18
1982-05-05T16:14:58|ROBT87814141397552|Moccasin|(491)357-7594|66.811923|-98.183580|33
2008-06-26T20:54:40|OVYE53364525777547|LimeGreen|(914)283-4110|46.1446415|159.101892|17
1972-02-15T08:04:55|VPTF08488725639427|LightSalmon|580-392-8272|-41.9110815|124.060734|31
2008-07-03T08:19:18|RZTM50373145303856|LightCyan|(005)184-4989x266|8.058606|135.507667|95
2014-06-17T18:25:41|XCGZ38655779082723|BlueViolet|322.259.1365x17773|68.5892255|-93.431574|71
2014-01-17T17:10:13|VABO22809202428699|MediumVioletRed|+1-413-797-7236x92929|87.0731125|94.236298|68
1988-01-01T16:44:39|ERXP13662103886291|DarkGray|001-908-811-7298x068|22.9265075|18.844879|33
1972-12-15T15:56:44|SLYM65991624731498|Ivory|(098)180-6356|7.246056|-122.778570|95
1980-07-14T01:01:09|LPGN95946368872588|LightGray|001-956-213-7213x86589|-76.0271825|-93.704437|74
1996-06-24T05:23:02|ZACD96114351906698|DimGray|001-027-703-8430x98839|-44.5047825|-160.639826|54
1994-06-25T09:16:10|GAEZ65669380118489|Gold|001-439-376-9042x68181|45.0684455|-22.024754|74
1993-02-18T21:33:19|YUYW94769735779071|DarkTurquoise|335-658-8043x4165|-69.5911685|117.722568|51
1982-02-23T06:53:41|MJXG37333433339521|Coral|7908075957|64.221370|-32.503825|46
2003-05-27T00:47:51|ETNK92086780856271|Olive|(003)691-5594x284|-26.343443|-35.362557|28
2002-01-28T08:27:33|YIEL65564729293143|LimeGreen|+1-322-702-6728x85744|60.897890|124.853836|17
1973-03-31T19:42:31|KRBV71754558845061|GoldenRod|939.982.4558x77169|-13.0869135|68.975002|65
2012-12-27T06:59:56|YWQY69961125355449|MidnightBlue|759.876.2202|-27.0177425|175.420649|63
1987-02-15T17:17:10|YSCE11178006811492|Brown|001-643-347-2282x0055|37.816814|70.822587|11
2006-10-15T07:00:46|YODY82997968845783|Purple|(564)240-0825x478|-87.767394|84.103793|96
2002-06-19T13:35:36|HTUP08536866326634|Brown|894.484.6312x2417|75.820477|63.077558|6
1988-07-08T22:19:45|SMID80214427031207|DarkOrchid|757-051-2046x18723|-22.8698045|24.857809|14
1970-11-10T13:26:03|DTGU73037183764520|PaleTurquoise|(147)435-0313x65024|66.9533685|-115.763615|19
1996-12-07T20:50:55|UABU79251327195005|MidnightBlue|+1-127-358-5730|11.406577|12.289710|80
2019-04-19T00:55:57|DXML48739285574982|Blue|448-570-8620|76.3587405|15.461382|20
2012-03-16T02:06:38|GSRO63878294565118|MistyRose|2203173109|82.2689005|28.627401|87
2014-10-09T17:18:59|MQPB39103717058650|RoyalBlue|014.138.1138|13.4365265|-78.284213|54
1983-02-22T00:14:20|NGQE86195761228685|MistyRose|(975)585-5665x93983|10.680227|115.407153|76
1987-04-17T10:04:04|JLYA04908240433504|SteelBlue|(992)107-5224x5933|-21.2150695|-18.776359|8
1976-04-03T07:32:24|OOFC57279194096105|Gold|+1-613-906-0480x5892|-2.2668035|89.724808|49
2017-06-26T03:13:00|FBTK79981364622517|Maroon|6416862278|-36.820648|81.918433|48
1996-11-25T16:51:04|QFQT33146591166553|ForestGreen|042.597.9270x335|-48.1264275|-133.928724|76
1977-08-25T00:21:10|TGQD40514770538338|LightSlateGray|792.069.8042|-73.8643315|-27.521391|59
1983-08-29T07:51:38|UQBR01645104636815|LightGray|123.878.0038x457|15.602458|-95.708447|67
1971-04-02T15:27:32|JJQG84046084325621|PaleGoldenRod|(936)392-6495x78232|65.9692415|110.637122|32
2016-07-20T02:54:20|UWIS82629251881252|Orchid|+1-664-742-3122x099|-18.364614|145.131445|70
2008-08-02T22:22:50|PPGA17289752677223|DarkRed|046-333-1279x75736|18.680595|-157.544689|1
2011-05-16T04:20:42|TJIP99880817703886|WhiteSmoke|6803476447|-45.309094|46.807658|87
1990-01-13T20:12:21|PBND71812982665702|LightBlue|001-371-452-1117x518|13.1026695|94.698834|92
2011-08-27T03:29:10|YJJT59222206447421|SlateGray|001-094-077-7809x73397|31.799497|40.198338|14
2000-01-26T20:55:19|CPGO98302205020994|Gainsboro|162-249-9982|32.2288165|130.830160|87
1994-07-06T12:53:45|YCHJ61681472145868|DarkOrange|(019)817-9469|-5.0432485|-40.596078|68
2005-10-02T16:04:21|OQYP78772934301071|PaleGreen|(966)055-8303|-14.401408|-43.410636|96
1974-08-14T01:47:19|INIA55699023557702|LightGray|857.608.4958x8039|-0.954782|9.835163|34
1974-07-04T17:36:59|ZHAZ82996291450461|LightPink|(743)842-1503|-65.1417705|58.249402|98
2004-06-07T13:35:32|AMNE78452182307681|AliceBlue|001-915-701-8409x4353|-38.3139225|-26.150311|82
1988-10-29T03:52:36|NURH24109881385854|Crimson|+1-493-214-9587|-76.383294|-110.167050|43
1971-12-22T14:48:38|MRCB66299795453817|Magenta|717-477-3329|-20.7294895|15.125381|14
1996-09-06T02:59:42|EXIW57701715772459|Maroon|(615)814-8769x6393|57.0889445|-94.626634|37
2002-10-29T11:41:26|JIVP69583219719975|LimeGreen|+1-246-191-9657x0132|65.8986935|161.521207|55
1970-01-05T13:57:38|TRLH99733549465190|MediumSeaGreen|(240)580-0851x4036|68.4209095|31.671192|20
2012-07-18T18:51:28|IJJO27238656242201|MidnightBlue|762-126-7969|-41.7360095|63.951112|58
2004-08-31T13:50:05|LVKF69097384689500|Magenta|+1-197-128-4781|50.4875185|147.529166|0
1976-01-08T08:18:09|GQRR89490580778795|Khaki|001-442-094-9407x92904|77.588820|-165.344452|92
1989-07-08T20:12:13|MDBU42944401929275|Red|372.805.1292|43.1301015|41.699702|92
1996-01-28T16:01:03|GLQF50410276747836|Navy|428-604-7658x0185|25.906639|147.751942|33
2014-05-17T04:28:30|WIGC96739385258001|AntiqueWhite|175-344-3009|-65.3196985|-149.461759|64
2010-06-07T09:28:04|RVYQ11926921244717|Tan|654.214.0665|-73.878129|-41.359207|97
1988-01-05T06:44:06|EBZF62712863917410|BlueViolet|470.720.0642x569|-89.005782|96.694143|22
2018-02-25T15:12:44|YMLV18306719855460|MediumTurquoise|001-158-517-4328x0634|14.717939|-122.679357|64
2012-11-30T01:43:35|RMXL32030937618478|Wheat|+1-005-050-6138x7829|-27.4583885|-141.327322|13
1972-07-05T14:23:10|TMAX90320204179291|RosyBrown|799-313-6565|-57.572343|129.219932|80
2007-02-24T00:58:00|DVUT92511426258273|Tan|1962071002|-66.0713315|169.908724|38
2010-05-28T06:03:07|XKUU23248763290927|MediumSeaGreen|456-083-3181|76.140325|14.294282|81
2006-09-23T21:12:23|NMQF03127722005436|DarkSlateGray|701.082.2078x1137|69.1034835|131.257232|64
1992-03-08T02:03:34|KTXF15313636317970|SlateBlue|972-652-7354|-35.719427|0.330290|77
1978-08-28T20:46:39|AOHC77625349292983|BurlyWood|+1-739-774-0633x56939|-50.011251|128.003263|25
1970-05-07T04:53:36|KBZT80686717731806|Tomato|431-074-2799|-83.4465585|64.190793|19
2001-07-23T19:59:53|UWKU57016580464989|PowderBlue|+1-195-085-0165x790|8.1322565|16.727219|47
1981-12-05T07:04:47|QSOU25381793355486|DeepPink|5778817884|31.327023|153.370675|97
1995-01-20T07:33:04|UYVY13711624112412|LightPink|+1-804-682-7567x04310|-27.6349105|98.969123|20
2013-11-14T09:50:48|IPRU79887749242437|GreenYellow|025.472.9284|-41.0694495|-85.854669|69
2018-03-10T04:45:20|SRDG05927452380552|GreenYellow|(284)106-7275x20885|83.7432255|-21.324113|99
2002-04-02T02:43:34|XZTZ29751702814069|Salmon|(150)939-8343x018|29.5767435|-133.089866|67
2004-10-29T13:08:49|KMPN05626565045547|Silver|767-426-6299|-66.893619|-102.884248|0
1984-02-21T11:51:33|HZNI96106462879232|SaddleBrown|704.947.8730|-89.3432255|-97.309012|76
1987-11-16T20:56:54|HQQD46273014719597|Magenta|+1-715-890-4290x25725|-46.1621125|-151.605794|41
1988-07-22T06:12:05|JQYB48183219285544|Navy|+1-189-520-2845|40.164090|41.187864|62
1993-02-27T12:39:52|XEFN38988816711207|Gold|+1-279-852-4013|-55.448471|-103.571414|2
2016-10-27T12:06:57|FDDC11076031089071|SpringGreen|4011939325|-82.1458155|-131.263226|14
1979-11-27T20:07:11|VYYJ28938911908334|DarkGray|001-013-875-9271|-41.453842|10.493793|46
1995-11-01T09:12:03|LNKT51718275480157|Coral|947.386.4631|37.6885175|17.268596|39
1982-03-15T10:59:57|ARRK81126691215353|MediumOrchid|001-136-749-9465x79678|-15.1358655|-100.879136|30
2000-12-09T00:11:14|CGMQ20101702695249|MediumSpringGreen|+1-877-347-7848x588|-85.2566415|-163.035673|7
1999-04-16T19:25:17|WDLW77002842762467|PapayaWhip|788.977.8280x647|68.657464|22.828597|30
2011-12-26T02:51:11|RTHB90255905616556|GoldenRod|334.911.4152x08507|86.5681945|46.813485|72
2008-08-27T22:40:03|NKAM05696591713578|Red|294.563.7183x44049|17.918395|-58.728391|10
2012-07-02T19:52:50|TCVC54198763514846|MistyRose|664.987.8208|-39.926336|129.690387|10
2003-12-21T18:34:00|FZTM89690835723246|Ivory|+1-136-442-4936x31230|-24.0758475|-13.279801|93
2001-08-02T18:02:51|MZKX32420448207001|FloralWhite|165.162.3198|-57.6152445|100.223831|62
2015-03-15T04:57:16|VYYG13915596363212|DarkOrange|649.078.5158|23.757931|74.935364|8
2016-06-17T13:20:51|GHUD75409003486451|LightSteelBlue|(760)644-1343|-46.989331|55.603568|97
2012-12-18T08:33:24|IVQU41776561248156|MediumPurple|+1-570-027-2063x4591|-60.2497805|-95.269721|68
1986-12-26T22:19:38|NZVT96577242954316|Green|693-008-9317x3420|17.6519885|151.788397|98
1999-03-10T10:49:20|PDYE91086771333447|HoneyDew|393-436-2620x44397|-23.3426545|18.447749|16
2009-09-01T03:13:36|RLAD56366941180053|LightCyan|990-048-9646x528|-78.960596|131.646536|16
1982-03-17T07:41:55|GNYW21586241502745|Tan|494.856.2572|59.162793|172.949393|84
2013-04-29T01:49:22|UBDF07427617075877|LightPink|+1-215-134-2284x99390|51.2011855|126.439373|60
1982-04-16T01:30:53|KBTR50416591520177|LightBlue|001-905-097-5923x0450|-71.015147|113.752257|70
2010-12-27T00:53:20|JKEZ61032664214764|Snow|515.837.7674x9961|23.423736|17.695214|21
2011-10-10T18:23:55|EQCN73278814761742|WhiteSmoke|+1-438-649-0810|47.8186605|-122.215420|33
2004-10-01T07:32:06|LCRO45491801722601|Khaki|+1-597-794-5232|-69.0028375|144.298416|67
1987-08-25T09:00:54|WCNA10277697499564|BurlyWood|310-303-7236|78.056473|109.149297|77
1982-12-29T04:54:30|CUDK12277707933496|Black|6679984076|40.4867325|95.605752|54
2010-03-22T08:39:34|SYXW30806958146717|MediumSpringGreen|760.243.7573x83959|86.3508565|71.506459|27
1978-12-04T23:07:53|WSKK57293417223297|Chartreuse|743-380-0545x22801|0.659983|51.187602|69
1977-10-03T17:19:52|QDFG55084289107711|Pink|180.812.1352x4787|-63.345905|-97.163112|96
2014-01-13T13:59:28|JVDF60375482145653|DarkBlue|001-632-666-7850|28.8038135|-101.840023|93
1970-09-05T06:38:19|SNBI62606029084668|Silver|001-550-489-2673|56.1430505|155.200548|88
2012-01-26T03:10:58|QSXU63410856288431|LightSeaGreen|520.089.4346|45.633614|-120.706956|25
2019-10-24T14:45:34|BJQJ01749075399893|GoldenRod|926.831.5893|6.9770155|63.905606|91
1976-09-01T12:01:18|DLKC62737158698864|MediumAquaMarine|776.228.2772x8813|32.2541975|74.130835|39
1972-03-21T11:03:47|TYJY96115940821545|FireBrick|(229)604-4327x0185|-71.8632835|-156.011278|51
1998-06-01T21:16:48|MILI67922877725199|Ivory|(658)074-1209|79.1436525|-14.188452|85
2008-03-06T19:59:34|QQCY89098378018204|Plum|971.895.6907|-83.7553185|2.512786|83
1999-09-28T03:02:41|EANJ11182422412462|BlanchedAlmond|001-200-461-5265x46103|-25.676702|140.514415|47
2009-11-17T19:57:41|GNNY40578617063048|Violet|382.496.7183x25823|54.2936205|47.500366|56
2007-10-12T09:12:50|LAMV42007494653984|Bisque|001-914-161-2846|-33.4003365|147.730330|66
2004-05-09T09:00:21|YIRI47435537950209|LightGoldenRodYellow|001-268-768-1180x715|11.032783|142.826319|57
1994-05-12T06:53:02|KVVZ17537030453194|Red|(750)479-3036|-60.2180185|-31.100167|15
2008-09-23T02:42:11|NEFT99219212493843|SandyBrown|8948706056|19.2199165|-32.878258|31
1978-04-14T07:26:03|RMJT30468750635190|Yellow|(613)325-4110|38.8400055|51.900821|28
1971-08-21T02:35:42|PQIG17350583199717|MediumAquaMarine|006-512-0704|73.943904|156.180624|8
1999-05-22T09:59:40|BROH66196399076769|MediumSlateBlue|078-593-1109x193|63.870460|-112.364129|43
2013-05-16T18:16:43|NJMQ23200249685498|Peru|495-450-8920|-26.276817|92.251460|2
2008-01-27T04:52:16|WKFF31537795995946|Gainsboro|073-033-7933|39.049326|-2.019184|75
2020-05-12T19:44:46|JKVA01508124739500|DarkMagenta|342.583.2302|-19.726657|-125.673913|70
1971-06-06T19:15:52|VDRX53473552896112|SkyBlue|338-655-9630|75.363759|135.318177|29
1982-11-14T03:50:06|WHDG42897317912868|GreenYellow|(255)877-7496x9033|-35.507470|62.708636|75
1985-12-13T15:51:20|KHXO54812147853907|LightSeaGreen|776-657-5460x273|-18.6968655|166.472250|28
1975-03-02T05:13:11|JCVN14311150835354|FireBrick|+1-439-284-0445x6690|36.7026065|171.162450|0
2004-11-19T21:49:45|ZYWF37389877515366|DarkOrange|(805)292-4075x536|24.278167|36.556928|9
2016-12-27T22:23:38|NIAU22599996636186|DarkKhaki|974-121-8209|41.161141|-165.591185|90
1982-09-15T06:10:47|FXKF48170580256621|Cornsilk|163-234-6729x94938|33.200180|-32.123752|80
1983-09-23T08:22:07|ADBK38597779014754|HotPink|+1-263-296-7629x1603|-47.6053915|-33.017481|7
2012-09-28T02:13:27|NRBS37681511856724|DarkOrange|0176563600|-22.728536|-118.430186|29
2018-04-03T18:23:21|XITM11837274220912|DodgerBlue|(621)042-7523x08370|80.4002525|100.716090|8
2013-08-15T10:39:46|RRCR70900633533106|Aquamarine|3131220681|-2.183631|-6.762724|4
2008-03-31T22:20:23|QQYK61331552065063|LightCoral|4950136497|-62.6696235|107.860265|42
2008-09-25T16:02:42|EYPZ62525715099768|MediumVioletRed|(903)091-4363|76.367230|-137.378010|9
1974-01-29T09:28:21|DMFJ03975245086403|SandyBrown|338-033-9685x270|-72.6545385|83.948446|65
1974-10-06T11:37:46|YBZY21298338167423|DarkSlateBlue|(344)973-4715|16.902936|22.785535|30
1981-06-01T20:20:28|MKPL27066149828246|LightCoral|(689)715-2732x300|44.405580|20.928132|35
2003-06-12T03:33:38|KKKT67491601692364|PeachPuff|001-587-506-6337|-80.736945|14.032817|85
2012-12-08T09:57:04|SARD97243992011669|White|362-644-8869|-7.327553|40.980895|62
2019-07-08T21:22:15|WCOU24364027011686|MintCream|001-225-223-7281|30.973333|124.455268|27
1984-06-19T12:57:30|EBET46791214161415|Azure|(710)040-9013|50.213111|-176.101266|69
1995-07-26T05:22:51|PZTY75965555356690|White|+1-107-620-9184x35797|48.2211755|41.795650|16
2014-12-06T01:35:26|EZYV05057397691567|Yellow|+1-164-932-8980x27148|35.3064885|-89.777316|92
2000-05-15T12:23:09|YMOG21160256434712|Tan|715.399.1566x8633|-20.449998|-117.889424|73
1989-10-20T06:14:40|CCTY19525690409836|WhiteSmoke|528.993.1608|33.642114|-10.388400|73
1979-11-06T13:22:53|VHFR29420954814973|LightPink|+1-605-233-0276|-9.7104795|173.932313|60
1980-10-31T18:27:14|ZOIR56618443861259|Sienna|4729277423|-31.444437|-74.958488|31
2020-01-15T10:48:30|QJWC26620157201859|LavenderBlush|630-136-7492|85.233850|21.526114|100
2017-01-28T15:42:06|ZRCM64750111178309|Maroon|419.267.6492x151|54.2870285|-80.738020|60
1997-08-01T13:04:15|VAON87189813129208|LemonChiffon|029.321.8401|-56.521504|91.736305|52
1990-04-27T04:40:02|JOKY03408487297585|MediumPurple|(103)032-4329x8395|-15.537153|-111.016321|24
2019-08-13T23:43:10|QBGJ26714628314359|MistyRose|+1-926-256-6093x1418|-60.474750|114.403251|12
1997-09-06T14:28:36|BQJI42340163611284|MediumBlue|+1-185-948-4910x2562|2.656641|105.444674|12
2007-07-17T20:59:02|PWMD08222694053967|DarkGreen|001-784-468-3414x65111|-25.5656285|-129.730837|84
1981-03-27T21:48:52|OCHY06827788160930|Orange|+1-538-909-7283|-43.073672|-139.668981|55
1994-12-24T02:24:32|VNYK62515381447443|AliceBlue|634.807.9705x0975|-9.912108|9.994722|45
1977-04-17T13:51:11|AXEJ16731882617024|DarkRed|456-284-1772x2560|6.4318785|-73.450117|54
1977-07-13T14:37:43|EBKT02374167872568|Orchid|001-621-102-2580|-26.5136895|-152.061327|52
2016-02-28T11:51:56|VLPA74471639282341|SeaShell|001-363-718-9239x23126|-79.701090|-32.971656|59
1983-01-29T14:16:42|YLQC06684335670860|FireBrick|456.350.2000|87.2830305|-7.321051|93
1984-06-04T17:32:12|HHPL47554110825559|LightSteelBlue|439-611-2910x9337|-63.522222|-139.799322|6
2007-03-13T07:05:12|QHMT82023684855716|Blue|802-942-4090x36788|-69.8712255|-91.138084|86
1999-10-16T05:01:51|TJUK43202939087884|FireBrick|(481)230-8340|81.695437|-100.468228|83
1988-11-25T16:12:19|YHUQ33810595518426|SlateGray|005.342.4089|-61.426997|25.074475|82
2014-06-29T21:38:08|GQPF73543962736527|CadetBlue|(223)972-4042|-42.289822|31.633082|12
2016-10-10T14:16:48|PBBG61820916601002|DarkSlateBlue|290-018-5132|38.963218|122.178453|7
2000-03-27T18:54:03|VHMG84810018418620|SpringGreen|6625436172|-60.4356845|-59.460423|51
1976-12-03T16:02:16|YHBI51092268592624|MediumSpringGreen|147.541.0225|-50.3305585|29.701551|93
2000-05-25T16:10:46|SUMB96421522655767|Olive|523-668-7887x88361|65.9513195|46.474033|43
2005-11-10T07:30:02|PSTS35030587210552|DodgerBlue|863-330-2126|-82.9275635|48.013770|13
1995-04-18T06:16:51|BCPM92025213109622|LightCyan|847-657-0412|-73.8936585|164.915019|31
1972-03-09T07:47:32|PEEK67849843624186|White|369-036-2891|35.7448565|76.310906|24
1991-04-25T08:54:24|QKJB56341115950342|LightYellow|9043830341|63.041167|123.222981|24
1973-01-20T08:42:11|OUBI40546835652156|SlateGray|(820)967-9042x2711|-27.8383815|-64.225295|68
2016-05-16T18:34:00|RTEZ89857254596063|DarkOrange|129.710.2481x7175|-44.441770|-21.296567|57
1980-12-27T10:05:23|BOJB74747219705466|SeaGreen|001-275-895-5168x740|76.594727|165.673350|17
1973-11-19T04:49:33|TGVA14629613671577|MediumVioletRed|001-711-216-6365x155|72.2341805|81.077650|54
1984-06-21T01:49:40|SMHA27235909605673|Black|+1-644-212-1461x47683|89.7562985|-40.710330|23
1982-07-12T06:58:33|VCXI42356778265960|Linen|001-319-925-5027x275|-59.5038865|38.177166|35
1987-11-19T23:54:41|NALV27910336829635|DarkOrange|(905)504-4817|84.1909015|64.811787|59
1998-03-06T08:40:00|KJON51276528928664|SandyBrown|+1-649-111-1096|-62.169873|86.505366|31
2012-06-14T06:31:02|YCLP04633786137157|Ivory|+1-605-384-4446x3060|-85.8311795|-165.908847|9
1980-06-09T03:57:29|UVNT55296386396096|Cornsilk|265.826.3128x1964|58.4194425|-94.608984|56
1991-12-10T09:51:20|FCLQ92098196027523|MintCream|(383)640-4120|81.365589|131.038617|70
1977-01-14T11:58:24|CYDD42117536170617|Violet|6657224029|79.4400575|145.695346|12
1972-02-21T16:56:24|DIJZ98028413908088|PapayaWhip|(513)052-3124|-16.538214|78.543542|6
1983-07-24T01:48:52|YJOH76863423461994|DarkGoldenRod|(767)694-5919|12.823087|50.485648|83
1983-08-05T02:04:55|OJQB20849649856012|Red|253-135-5251x05053|34.9235865|124.657735|69
1991-11-19T10:44:50|XOKP83184919665533|Bisque|(046)117-2959x6390|-13.485985|-170.424211|1
2013-10-20T10:05:12|UOAM26088050171644|ForestGreen|185-790-6477x159|-62.4199705|-164.276026|11
1985-03-30T21:46:12|BACI63213580040104|BlueViolet|964-229-7125x296|80.9675205|59.863045|96
2015-06-23T01:51:23|DNPR45731441583311|White|0376371539|51.6385295|95.912626|30
1991-04-29T13:56:22|TILE81235679836314|Lavender|+1-912-711-3072|-18.3930515|-164.652875|21
2002-05-30T00:28:32|RLGY15632686850745|CadetBlue|634.362.9489x78610|83.5018765|-46.349077|52
1977-07-23T23:28:00|FBAG18143966613473|DarkGoldenRod|(494)012-8974|-25.9460685|-88.607081|62
1991-06-12T03:55:28|REIL07650241209579|AliceBlue|+1-710-094-3882x21145|31.498277|83.422072|61
2020-01-02T22:13:26|JORG70545897148026|SeaGreen|257.039.6531x36148|30.5998205|102.880979|27
1981-11-27T11:04:59|GRXK64430985916795|DimGray|001-727-284-9824x74140|31.8316285|-158.013476|51
1984-10-15T15:35:28|HPBH65004254882142|YellowGreen|(914)307-5366|17.136240|-127.312192|7
1987-10-12T16:12:12|XPEL59234268344149|Tan|(266)128-7585x756|35.239248|45.757258|21
1997-12-02T00:48:04|LXAT12943985298940|PaleVioletRed|607-870-1041x5914|61.785056|78.486109|48
2016-12-29T18:42:44|IBTR03828723244079|OldLace|029-181-3317|-83.381354|91.551727|0
2000-03-15T02:29:02|KYHM23849791620223|DarkGoldenRod|001-837-744-1975|89.2342625|-32.263138|49
1996-08-15T01:27:30|KUMV20471960940970|SpringGreen|277-402-5883x586|47.719510|-146.302882|33
1981-11-16T03:26:35|RJSI24461767929884|Cornsilk|959-961-0023x117|37.8861425|-6.236693|100
1985-10-03T19:44:59|ZVTG26610941017590|Tan|762-983-3477x433|-46.489409|53.035803|100
2005-12-19T16:05:39|VEPQ13020569815287|DarkKhaki|(785)598-2176|77.8985125|21.926935|58
1974-10-28T10:10:55|ODNC73098503446512|Wheat|9389846908|-60.237361|132.873610|36
2002-01-19T05:44:25|YZQA64350238503719|Snow|+1-051-699-1872|-17.385953|-157.590484|54
1977-01-30T10:56:07|ANQL43000389608706|PeachPuff|+1-668-217-1955|-38.0186465|4.214174|89
1999-09-15T21:12:07|XGCA68900301027240|FloralWhite|342.967.1114x8375|-30.867081|58.124711|93
2018-07-13T00:55:10|HJOW38458810569741|DarkOliveGreen|834-831-5203|28.1860665|168.916745|100
2000-11-17T08:09:36|YAVH96410496706670|DarkRed|680-408-5095x4930|1.5215605|153.681658|71
1999-07-17T00:25:28|WUYT18648769984267|PaleTurquoise|001-204-413-8459x6094|7.091727|-35.717366|84
2014-11-11T05:58:42|GQUA49542770707057|MediumVioletRed|(609)149-8517x24447|-55.848976|-57.905399|91
2012-11-23T03:22:10|EWRG02879508304405|LightYellow|3511871813|-35.227915|-5.093337|62
2008-10-24T12:30:25|JVKQ42059556574902|Green|290.193.5889|2.3559545|-64.643233|19
1995-10-13T02:40:38|VASJ11398986818097|MistyRose|(543)943-5353x75137|20.038623|14.283470|24
1975-06-04T16:58:44|JNXQ93763928369294|PowderBlue|116-682-9732x702|-57.575992|44.747908|37
1987-12-04T05:58:36|TSMC06021288665268|DarkSeaGreen|559.991.0157|19.7564735|158.675350|27
2000-08-09T16:32:17|TLTS29812099576572|LightSeaGreen|134.750.9889x864|-3.3490145|26.194802|7
1991-09-06T07:21:34|TYBY36849951542144|LightGreen|(244)913-4213|58.2202445|93.105250|74
1981-06-28T20:23:38|AXYO30705349678274|SteelBlue|+1-176-741-2415|-68.7755935|-60.577483|94
2019-07-01T16:05:21|BEIL81506185380032|MediumBlue|+1-334-727-2742x31830|26.586561|-143.889381|69
2003-05-24T04:40:26|OFEK49693578243477|PowderBlue|587-413-1467x5361|-42.7031645|69.503202|7
1991-09-14T10:48:45|RJKD77963044836085|DarkTurquoise|676.640.4735|80.796405|-155.503368|95
1990-12-30T01:46:09|LFWN19952980061558|BlanchedAlmond|3583286342|10.362634|-2.026159|40
1998-02-17T23:53:29|FTYA08186702440330|DeepPink|662-411-1860|-86.0427825|110.821872|7
2011-03-01T04:07:02|XCPK94568044731497|GreenYellow|368-474-8836x07658|-60.9272865|62.810798|6
1985-04-01T01:30:25|PAUL79145211823793|Brown|789-307-4645x20599|19.1282155|-177.008677|74
1988-03-31T18:39:40|RTUO53577881161620|DarkCyan|001-237-106-7287|-52.4551705|113.714049|61
1998-06-16T02:36:27|KHLH48595922483958|MediumPurple|(352)287-0562x271|-88.496109|-12.581902|64
2017-09-25T23:57:16|ESNI09792158350344|RosyBrown|+1-945-964-8831x92134|-42.131177|-38.836442|67
2008-05-10T20:08:48|CUPT59994973203319|Cyan|(051)028-7675|-8.7826195|88.636838|20
1977-12-25T10:05:08|GKUS54858193242687|LightGreen|+1-186-520-5756x398|-38.7331185|25.330260|7
1995-06-19T22:29:21|ETAL83094515480940|MidnightBlue|604.409.0797x72781|-79.7474845|18.391981|65
1971-12-18T17:55:18|PSSE21610705184390|Gainsboro|529.580.6601x38241|-43.672006|58.047957|10
1973-01-11T06:18:41|HFNE04485157919711|SteelBlue|(125)902-0357|-68.1829275|-47.536702|23
1990-12-11T23:18:11|VQXE24064242956334|SkyBlue|(447)417-5955|82.288830|100.806431|8
2000-08-07T16:28:39|VREY96289365435884|BurlyWood|+1-437-401-8272x795|9.9338895|122.671407|76
1995-09-20T00:11:26|RXIC50267551254278|DarkKhaki|9799667345|71.314119|1.397010|8
2002-11-03T00:48:55|RHZW81664969028249|Wheat|001-392-250-1425x7627|-89.7736535|173.587800|86
1980-01-14T21:49:00|FEHE36132850725178|OldLace|+1-767-316-2526|-2.1915845|-27.961058|30
2015-12-01T23:49:10|SLKB79039235558099|PaleVioletRed|001-327-303-4615x626|-49.534007|-27.011049|51
1991-03-04T05:39:07|KVAY62268171516025|Cornsilk|(707)660-4641x9785|37.1168805|-0.114150|15
2006-05-30T02:20:45|ZCEL61205943897607|DeepSkyBlue|775-095-4654|-83.6836205|111.385881|72
1988-03-09T04:11:46|EJAI09150863218122|MediumTurquoise|457-938-9701x55029|81.212021|-125.710153|31
1995-12-28T11:58:28|NSIQ46602416139449|LightSeaGreen|+1-305-973-6424x80962|-13.519382|-33.606359|74
1970-05-06T13:04:14|KAKD47951330531949|RoyalBlue|958.678.0555x572|34.003100|87.884974|76
1984-05-02T10:06:02|NEKK91785138544577|Azure|295.966.0487x3682|11.583719|145.946002|5
1978-05-28T11:02:48|CFZO22686536945515|LightSalmon|(367)747-2264x08572|-63.6065965|25.811303|79
2009-06-24T21:37:21|QZKQ93299819960593|DarkGoldenRod|150.968.8327x5327|-36.370541|-6.738764|10
1979-01-11T00:50:26|HXFL39732781952371|AliceBlue|6876164819|83.701721|106.780770|53
2018-08-22T13:27:56|AMSH60568761124912|Green|237.341.5177x34547|-1.2388075|61.793859|84
2017-08-09T16:47:37|GHAD84035954429477|NavajoWhite|229-464-3039|-8.6757145|-100.348028|74
2009-10-04T05:37:04|AJNW86792529858567|MidnightBlue|+1-727-601-5343x32491|84.482151|-74.267459|72
1994-04-05T21:24:29|MOQA83350615814888|Silver|001-079-833-4233x72094|58.169836|-31.030907|66
1976-03-20T17:52:58|TTXX28403339977180|ForestGreen|371.717.3189x3974|62.8281635|-174.844711|40
2009-08-02T13:38:54|LXSL39970469472587|LightSeaGreen|001-448-354-8847x1270|-4.3133775|93.561463|33
2002-01-07T11:57:27|METR17582313348458|LightGoldenRodYellow|+1-939-252-3622|73.778707|175.725696|26
1980-09-10T13:16:52|INMP64347452455574|Lavender|606-065-2740x3344|10.253983|-167.287434|85
1991-11-26T12:29:43|LJOT39874113257970|Pink|734-996-0105x4857|-13.7011585|-120.390800|91
2002-02-09T16:02:37|DTIU62294938173598|PapayaWhip|840.215.5732|-3.7605105|71.430822|40
1985-06-30T01:46:16|LIRS49021666708085|Aqua|085-874-9511x91818|-47.5270905|95.683406|30
1975-12-21T13:08:15|OMQE16477251295786|SlateBlue|409-600-3562x43958|32.8772205|170.905647|33
2015-04-13T15:40:34|FVYX92323421089028|Gold|5333426433|5.387134|-165.345333|50
1979-05-06T21:53:44|WYDY07360776336911|Wheat|(981)231-7955x6331|46.0726665|13.197551|16
2002-07-12T05:33:07|GCLA66155416431670|Turquoise|502.329.0282|-52.359883|72.228772|85
1972-08-27T02:55:33|BUWR59626228225120|LightPink|549.500.5070|-51.2538095|38.857740|82
1973-03-01T18:00:09|OTSE10531611776872|SeaGreen|+1-047-742-5859x1779|-37.3095825|-112.443933|38
1984-12-04T00:11:01|NUDR16491334245798|LightSkyBlue|001-425-652-9060x32020|-26.1581745|-93.088541|58
1996-12-31T14:42:23|IOMI96737948714855|YellowGreen|(578)715-8415|24.491619|164.828266|40
1971-09-24T16:01:56|ZDFL11842547681826|RosyBrown|001-832-303-5892x988|-77.384818|106.236087|96
1994-09-05T20:49:16|OSZE21293289634064|HotPink|(677)524-0148x43991|-74.1026545|40.318685|9
1979-07-20T06:09:43|DVTU36266933513426|CornflowerBlue|001-237-245-0184|50.7248605|-124.910489|1
2012-10-09T14:08:04|PGLV89721540641769|DarkGoldenRod|+1-743-811-9953|88.4855835|85.499736|58
2017-09-29T08:07:55|ZKQW44485645101739|LightPink|417.899.6986x091|68.4690005|165.035002|79
1976-09-16T03:18:36|ODTJ96605779806603|Magenta|5146074555|-23.239811|-31.484070|72
2000-05-08T13:31:55|UISQ23885652715598|PaleGreen|+1-354-116-5972x6347|4.1118345|0.926167|12
1999-10-16T19:26:23|XTYI13948848826913|CadetBlue|+1-642-585-6261|-11.1035285|149.327370|9
2008-10-18T01:56:18|ZIFV38240733337320|DodgerBlue|001-977-688-9362x89696|-19.8062005|15.404327|68
1987-12-08T18:04:37|LJYG85125389218785|Chartreuse|+1-358-374-9079x7796|-72.6435655|-88.011901|27
1971-07-04T16:13:13|OOBJ21514940976263|MistyRose|453.986.2895|-88.1812585|147.273522|64
1973-08-09T14:23:02|SJDZ91862339220715|BurlyWood|001-966-672-5214x5264|44.132318|-131.287289|33
1982-07-24T10:08:08|GFJQ15718409080512|AliceBlue|001-005-640-9951x23972|53.670412|-62.761431|16
1993-06-30T04:26:02|CREJ27282709081441|Gold|(821)739-2957|86.7615265|114.194755|44
1996-06-17T19:34:46|UYRB35237360507918|BurlyWood|899.886.8345x27346|18.511835|53.613376|8
1995-08-30T01:11:46|CACO96474080314998|DarkGray|080.046.3580|26.4483915|92.931658|31
2005-08-28T16:53:35|WNRB31723513739900|Tan|(140)352-6356|-77.9856915|-96.286260|47
1979-08-23T05:06:03|PQGX94346066643749|AntiqueWhite|+1-072-311-1271|-40.7800605|108.267309|36
1992-04-12T00:55:12|ETYS64844941163187|DarkOliveGreen|(077)113-0621x1369|9.5632205|55.207742|20
2020-03-30T16:44:40|DPBY33509025425730|HotPink|481-323-5707|-71.3751755|-48.049952|56
2010-12-11T08:12:12|NODZ01168809255021|Navy|0906913098|-70.156174|-169.373521|69
2014-02-26T13:38:06|VMOK96737945772785|DarkRed|264.250.6420|33.462074|40.316495|90
2018-05-13T04:36:21|WWZD53666777675556|Cornsilk|(333)939-5786x54362|36.2270625|-121.668877|38
2006-12-10T01:56:04|QHVU96033582686270|Olive|249-269-3265x7327|-5.1167895|147.683479|78
2011-09-02T10:01:36|NQAC11000515532341|Gray|001-977-524-4182x226|-58.2063795|105.779166|83
2012-01-28T15:41:22|KOQS43127102676720|MediumBlue|001-579-927-0795x51512|-53.7764075|155.024144|67
1990-06-04T03:19:46|RXCY35415970996254|DarkKhaki|807.520.3447|26.219043|1.203505|1
1972-10-02T12:47:21|HZRR58029090463766|Beige|655.866.5254x83744|-67.6376835|61.524381|85
2015-09-19T21:02:23|CRIN10213125129311|AntiqueWhite|5912975191|-74.922943|-105.527984|70
1983-07-31T03:05:37|XYES10633016583737|MediumPurple|(490)728-0123|-19.3312525|-102.748157|38
2006-11-19T10:39:37|OEDT32532694968436|DarkSlateGray|380-442-1017x509|25.4526895|-137.076307|84
2015-11-14T05:33:13|TSAT15959194575757|FireBrick|(833)920-5677x5677|31.380181|-98.027946|13
1979-09-02T11:44:37|TKYW56265062292310|HotPink|530-762-4843|-39.0117435|81.206365|17
2011-04-18T17:12:37|SLYE05115794238736|LightGreen|001-254-969-1928x4552|9.2050305|123.507991|33
2002-03-23T11:30:07|BLKF53574859532593|Orange|379.705.8162x9518|41.785831|68.404407|14
2011-01-03T16:46:02|XYSB63425073305597|Linen|+1-575-983-3991x403|50.526548|90.652328|13
1989-03-22T11:43:15|GJSW44324006157276|LimeGreen|514.743.9742x925|-85.448349|-113.473672|95
1973-07-26T23:49:32|WOJI68065625904599|Beige|(271)122-1823x1555|-68.2141215|41.535372|70
1993-05-19T13:20:00|TMON62813721433080|Black|+1-370-033-2285x56608|-12.2505155|84.262503|19
1971-08-08T10:07:47|RSOB90339705195826|DarkOrange|(944)858-6239x45354|15.3964695|-116.022349|34
2014-04-07T08:04:45|HAPQ86321061339439|RosyBrown|039-438-0403x2537|14.306426|-4.250585|36
2001-02-27T18:38:39|ZPEM89431910090040|FireBrick|921-053-3651x4604|-80.606706|-115.534410|77
1990-07-22T11:54:47|DLYZ31072011379844|Aquamarine|123.166.0076x762|-86.4381125|129.646032|26
1972-12-30T11:07:46|RYWS73404337009687|Plum|+1-045-195-7782|10.1982215|173.583903|91
1995-04-08T00:32:23|SOIQ62965754278656|BurlyWood|255.778.2058|77.789021|-102.126609|43
2010-10-01T01:40:12|IQTW92361618808190|DarkSlateGray|(235)715-5868x63956|-61.431320|-58.766594|26
2013-08-01T22:50:46|QEST08172143643813|Aquamarine|1321147165|87.5928845|36.359412|87
1970-09-20T16:19:31|SHKF69979907075504|OliveDrab|+1-681-699-5706x07174|55.957741|-130.581655|81
1975-08-25T02:21:41|GVQC65397054873961|AntiqueWhite|087-182-7496|53.7909215|170.953758|33
2019-04-17T08:13:48|BPSM74204956121377|DarkSlateBlue|260-423-5973x7112|-52.6323585|-109.133575|64
2020-05-19T15:47:20|ZPAM60858167046861|Blue|576.832.1021|63.121120|-79.717497|62
2015-03-25T17:46:21|FROO71296180332426|AntiqueWhite|0184980425|-24.5886835|77.906969|32
1984-07-14T02:07:52|EMMC68812282178192|DarkSlateBlue|001-534-606-0560|-38.297804|20.619123|6
1996-08-04T19:06:05|LVFX79862398471690|Khaki|205.464.7548x954|36.141011|94.577237|11
2003-03-13T00:35:00|KWRS99927517588914|MediumTurquoise|001-498-355-3935x4358|20.4717255|-30.469565|81
1987-12-17T12:32:01|PREP24358853798214|MediumVioletRed|(527)536-7497|54.2595265|3.287427|54
1979-12-17T07:09:40|GBDJ86013477894896|DarkMagenta|6791766512|-41.3850685|-114.009653|35
1994-08-04T00:40:48|TZBB18842163090015|White|+1-463-339-9948|4.9057405|-53.103939|5
1980-04-28T14:18:15|APTE63890219947113|SandyBrown|(792)234-1034|26.821307|131.190551|0
2010-10-24T00:43:31|WLGW67726960843768|GhostWhite|8967935219|11.3784805|-89.600790|42
1997-06-29T15:09:16|FIKG43697093170695|Gray|6761645345|-20.244607|76.909242|98
1980-10-04T13:14:58|EWQP30650312198041|LightSlateGray|242.642.3642|49.722795|-144.148349|16
1985-10-10T19:24:42|WQOU24876230391114|RosyBrown|(178)522-8230|-2.630204|-87.768507|81
1988-07-13T23:37:02|NANB22072239594737|DarkGray|329-016-2047|51.9736475|83.043402|33
2016-02-08T23:39:03|TOSX78599648628720|DarkOliveGreen|541.966.6450x573|-85.6938805|-64.266506|20
1999-08-22T08:15:38|UTLP24632037476775|SkyBlue|(603)214-5057x661|70.587878|-22.186237|94
1994-02-21T23:09:49|VOBZ71553482012840|Aquamarine|(850)765-9759|-2.3438325|-27.030890|56
1995-01-15T21:11:08|BNDL76808981265742|Crimson|001-196-463-0040x236|62.818931|-76.027293|70
1998-06-02T05:34:17|UWLO30120471372711|Moccasin|+1-595-749-8855x8298|-15.116007|138.820962|90
1986-09-10T21:05:09|FAMI84760944128333|LightCyan|188-566-6954|-68.2220455|-49.811924|54
1981-01-20T14:30:01|QYRU06662670551437|SkyBlue|(693)663-4392x5295|69.3019595|22.318538|71
1975-08-22T22:52:38|CCTD67120072024559|BurlyWood|(451)091-0903|-44.3835855|29.843598|1
2003-05-15T23:11:14|CPQN94217942817934|Azure|+1-277-584-4663x45337|-50.078034|-96.667392|14
1972-07-03T14:39:15|CPDC72214559376618|PaleGoldenRod|370.526.3510|-81.576628|-44.610841|9
1996-07-05T13:02:16|EMRK57256592024617|Silver|023-897-4326x005|2.0634265|150.109538|88
1995-05-21T13:25:18|ICUZ33258486899936|PeachPuff|001-079-848-7045|-85.1910055|38.687008|19
2010-02-07T15:13:48|QUMW79935937440394|IndianRed|3037360601|-16.5467435|107.364252|69
2007-03-12T11:20:33|YAWT49079388413685|DarkGray|061.537.0124x24462|24.4741375|-70.428230|4
2019-08-15T09:57:15|ECYI88112103142175|CornflowerBlue|+1-878-179-4151x526|-39.1851255|112.758096|47
1987-01-12T15:23:55|SXQZ11225288375056|Plum|863-239-7913x78765|82.4771315|18.036004|74
1983-07-20T23:34:30|XAEO05560571219881|MediumOrchid|(885)190-5348x640|-61.3916935|-150.518805|70
1990-06-06T15:19:42|RZSV24561851744600|WhiteSmoke|128-991-5114x551|-40.978597|129.458493|18
1984-06-13T00:07:34|PCBI88189848416046|CadetBlue|021-190-1707x568|-61.3066835|-38.114545|55
1980-10-22T04:01:52|POUC22910732283608|Silver|378.306.3963x845|-53.4362695|37.175339|16
2010-03-15T16:06:35|KPHQ16497016934292|RosyBrown|320.330.1623x419|-89.2436395|169.960914|5
1984-04-21T16:08:43|SVAC37221556684732|DarkOliveGreen|377-460-4067x200|33.144125|101.471752|39
1989-09-02T22:42:20|FCHH26078197543734|Salmon|001-427-372-0376x38821|-18.146327|19.090031|46
2005-07-11T01:58:17|GCWN46019134438998|Tan|802.058.6950x7321|-7.7680055|48.088897|5
1987-02-03T19:22:32|SHFK99951679335055|LightCyan|573.680.1192|-27.9096895|40.511834|45
1972-12-26T13:29:56|FKZB87233351040961|Yellow|731.539.1149x83074|55.2437525|-90.322301|26
2014-09-24T04:56:37|TSYM36511893940655|PaleVioletRed|(201)904-3223x02333|-54.3978975|-21.623100|87
2001-05-12T14:47:21|BLQA35462127602508|DarkGray|+1-611-231-2616x32488|52.5032035|137.657347|31
2009-11-07T16:12:58|ZXEZ89376297454930|DarkMagenta|871.912.0381|60.341262|77.333867|85
1996-11-08T00:16:20|XPTD82832308981388|Brown|(144)582-2067x32318|-50.3192745|155.458445|13
2000-02-07T14:38:58|BSOT57245000000152|PapayaWhip|+1-911-371-7850x9025|-6.021571|23.498265|45
2015-09-29T02:07:48|CXQT42182998747812|DarkGray|+1-890-567-0867x009|-76.8860835|-178.499130|99
2015-01-20T00:31:26|GGII58482669136248|DarkRed|054-296-0807x063|-25.470839|40.215569|71
2010-12-22T08:08:31|WOQU09822104016481|SlateBlue|001-044-287-7383x638|83.8770705|-145.551181|52
1997-03-14T19:32:12|GEBS94289464203625|Orchid|+1-631-441-7064x62554|-78.640027|-79.825748|79
1997-06-11T13:24:00|USJO24301764644898|LightSalmon|001-315-388-8245x279|-73.483145|2.497998|95
1972-07-22T02:04:04|HQZH33353849516321|BurlyWood|+1-787-180-9339|-65.459984|158.697683|19
2016-03-11T05:48:38|FFKI30601198756178|SeaShell|+1-800-230-0915x618|-55.665223|140.617516|30
2005-08-25T20:28:31|YGJM74491609365952|SlateBlue|9118941843|-27.8975895|33.138899|20
2006-01-22T10:49:02|MVPT63223998213745|GhostWhite|4042886050|0.5947685|-52.413352|22
2003-07-05T01:26:27|YLZT81126003083566|SkyBlue|062-715-3123|-21.810169|2.822478|52
1994-03-19T08:11:18|BLOL17768293844013|FireBrick|(873)543-7882x60335|74.955880|-113.354385|3
1973-08-20T06:32:35|CJRA08599144920749|Red|999-699-6489x97184|-51.0282585|107.367995|22
1994-12-02T11:10:20|PQOD91408499323123|DodgerBlue|669-806-9087|-48.392286|33.671287|94
2013-07-27T05:43:26|DTZA72348389359538|Crimson|001-040-561-2996x508|-50.4749265|38.093568|42
2010-03-09T06:12:22|TODR18696561308761|NavajoWhite|+1-238-595-1434|17.017294|110.698464|100
1980-02-20T05:21:16|GUIN00273008696610|Coral|001-683-113-9500x16809|84.022733|-30.080367|52
1975-06-15T00:09:25|HPWI76283976205344|Aqua|(794)620-7266x2925|-84.775579|118.212727|85
1976-04-07T09:36:30|TMQM60299140688413|DarkMagenta|(125)523-5617x817|-87.143475|-69.986002|94
1981-03-07T00:35:11|RCEJ36385277895613|DarkOrchid|8444902950|-52.1905625|32.379982|31
1990-01-03T19:40:40|NZCH03734167812778|DarkGoldenRod|(021)798-2134|49.4319485|45.414770|34
1981-09-05T15:05:21|OIVU97363831828560|GhostWhite|707.986.6177x067|-26.662677|37.478186|20
2005-04-08T20:29:43|UDUJ06821223552165|Aqua|714-692-1821x925|62.4356475|33.637277|100
2001-01-29T23:30:14|TYON43699848022050|Turquoise|+1-386-948-4249|0.656279|147.346284|89
2004-11-08T22:33:38|OBCJ88707152386767|DarkMagenta|+1-209-746-1917x798|42.196725|26.413122|13
2006-11-18T21:44:36|DQXN22589370858062|Navy|+1-504-056-6957x900|-56.4924145|-89.848817|48
1989-01-10T10:09:28|XETW44286796325942|MediumVioletRed|289.463.3891x5624|-68.630673|-3.970405|4
1982-09-13T00:18:20|NIZM56292693358951|DarkRed|001-818-655-0784x68509|-3.982163|81.868654|60
2016-04-13T01:17:01|HGAH91891179720385|MediumAquaMarine|015.364.1547|-61.137113|-4.567857|28
1992-04-21T16:07:24|FFEQ36781367500942|Olive|141.052.7698x19878|-73.8556675|144.845431|25
2019-11-06T10:19:52|VTAJ38885622586605|SeaShell|678.744.2275x854|55.3173895|159.394974|58
1993-02-08T05:14:05|TKJW94282491165020|SkyBlue|4539313215|-4.8047835|-142.825674|44
1984-03-06T09:59:41|AIAF68214448896699|YellowGreen|(736)774-6202x5825|-12.713871|-67.713014|39
1974-09-26T17:58:21|NUEO12312392049106|PaleGreen|001-836-472-3875x082|36.6104665|36.909463|29
2005-04-18T21:26:41|SREE57754584726290|Fuchsia|876.831.6082x7172|-73.0021465|65.439521|28
2016-10-13T11:29:27|FLSF99205222999362|Turquoise|001-591-438-8232|-2.7309585|170.748324|3
1994-10-01T14:54:09|SGPX35844617773264|DarkSlateBlue|5449791279|66.3007835|55.576811|84
1970-03-08T19:30:09|EEBB39787137529883|Cornsilk|1256083200|-18.7809695|117.539237|24
2003-04-10T19:18:34|PYXN89753585238600|DarkOliveGreen|436.199.5171|3.116895|-92.487495|51
1984-04-17T20:32:56|WOYC29295014374830|MediumSeaGreen|(096)713-9719|-59.0842505|-102.054905|42
1997-01-26T20:34:44|BDDF17672019111661|Cornsilk|(190)725-8733|77.228313|-65.061724|35
1972-07-09T05:05:50|HFJF02748124211408|Navy|250.952.2946x2093|8.442580|7.891574|8
2019-02-07T19:46:51|JUVT03995297013712|DeepPink|585-856-4230x41202|39.346282|-151.108077|98
1998-10-01T07:04:51|DPMO40299071669063|Cornsilk|+1-815-542-0340x30109|7.4922075|37.722630|35
2003-10-12T18:23:57|OTLL49157955462347|Salmon|476-010-8018|-57.0799295|-159.206778|44
1984-02-07T11:13:19|AXUO17641726808081|Red|712.901.5071x38067|-62.709121|-47.659708|82
1973-09-01T06:30:32|MFCB45847436213009|LavenderBlush|857-669-4703x180|-0.4062555|-73.181589|65
2015-09-01T01:22:33|UUPE74666215918327|Aqua|4666145901|-58.732764|-152.846381|51
2000-05-31T12:57:06|PRDG04938819490531|ForestGreen|(499)809-4976|72.7011745|104.105596|86
2003-07-16T05:13:18|QQFP16698416612374|Turquoise|(943)325-6238x9949|62.595498|-118.829766|68
2011-07-20T04:58:38|LASX26203708782116|Black|041-813-5998|69.8463195|90.828160|42
2009-10-16T02:51:35|LDCZ08894801864482|DarkCyan|588-397-8570|54.7134895|-87.349481|3
1974-03-14T22:07:12|VGBM71236914961128|SlateBlue|942.968.8276x97040|68.0659855|10.396570|14
1985-08-10T05:00:24|SGUU61560783274883|Gainsboro|179-624-0964x9668|-23.252203|-37.819744|33
2011-08-20T11:15:44|LGND70285162259364|LightYellow|893-486-8839|-78.970541|54.026455|22
1979-05-10T13:43:00|ZKDZ87991609114131|MediumBlue|001-359-236-1337|19.4230155|-179.772143|74
1993-04-03T17:18:03|EGXI81650254472419|CadetBlue|034.409.6617|39.9870745|-144.924301|33
2005-02-05T23:03:42|DGNT08806782141746|LightSkyBlue|001-359-266-4869x89396|76.039435|115.038545|4
1999-12-19T20:59:58|INOR15594501192920|SandyBrown|+1-536-051-1716x039|54.3692765|118.091875|13
1996-11-14T22:32:03|FIKS21894559067000|MediumOrchid|424.894.2046x64896|25.786950|87.095129|76
1997-12-07T01:06:37|BUGA45657758097453|DarkKhaki|(906)235-4662x2654|-75.452838|-121.803894|55
1996-12-24T19:43:43|QPJY06221224276774|Indigo|+1-916-011-2411x584|53.185861|97.599575|44
2013-07-06T19:37:17|KBTZ01798677823129|MediumOrchid|001-704-726-4261x2120|-35.2684405|103.876876|93
1987-02-05T07:38:58|FTMF59680785254824|CornflowerBlue|385.454.0064x45475|-50.904525|-74.338799|100
1975-03-22T11:35:29|CYES74897917763342|LightGreen|8862175080|-71.941932|145.741338|40
1996-05-03T13:19:34|ZVGS30693588249353|SkyBlue|1816778481|24.080948|5.403203|55
1981-09-21T07:06:41|HGRJ46083851799378|Chocolate|539.128.7884x86999|24.2420905|134.781290|77
2005-11-28T21:36:25|NEXR04579271472463|Beige|986-424-2383|69.0192575|61.339829|65
1981-01-27T18:37:54|NGUD18706293288098|Tan|(101)023-2001|50.129094|27.199863|14
2001-05-23T21:36:55|LCXN98761081435614|BlanchedAlmond|001-845-319-8074|23.0489505|115.456955|49
2013-08-27T22:19:26|DIKZ51003076205459|HoneyDew|+1-500-666-6411x0654|-66.7691265|-131.522557|73
2017-11-29T23:52:16|VZFH78516994970890|Green|366.834.8268x999|18.7851905|-94.473450|24
1996-06-07T02:08:30|PUNO88891787915059|LavenderBlush|197-609-3201x2657|79.3988085|100.234067|32
2009-04-15T04:09:20|OWJH18095217558517|LightGreen|127.469.2118|83.135778|116.044483|5
1979-11-05T09:07:44|HPPY64222975891704|OrangeRed|218-545-7056x8209|-52.006736|-112.177885|90
1994-12-27T00:45:50|MAOY01635640723247|Yellow|(895)400-1788x2247|-25.476042|-131.633586|55
1979-04-10T12:07:26|ZBYO50710580119509|DarkGray|(115)261-0537x092|-36.417714|-156.458132|0
1972-03-26T22:41:25|MVPR07418948543298|LightCyan|936.529.4471x619|48.155782|-104.166622|66
2002-04-07T16:30:00|FINF10450258963217|SlateBlue|(574)835-2680|18.885895|-33.429683|68
2007-02-18T16:50:55|LTLP34488384253646|SteelBlue|(550)774-0657x95515|16.586564|-94.392838|87
1984-01-07T21:48:44|OSAA55107409131117|Pink|001-190-254-7602x2069|9.5758725|-54.475371|92
1991-06-12T12:36:06|VYSC20122759500260|Brown|325-947-9507|-14.1617355|-156.471159|94
2003-07-03T11:57:36|CLED98059503100649|DarkOrchid|039.104.5203|24.999963|-155.514859|94
2004-06-19T16:27:04|PZHB49135992855359|GhostWhite|6100679900|16.779185|126.656884|85
1999-02-27T18:11:56|YXOB67740378423394|FireBrick|+1-530-067-7625|-1.928545|-175.678220|25
1984-10-31T13:54:28|EJAM65426241784290|MediumSpringGreen|923.345.1100x90605|-24.425165|-176.983538|46
2013-05-12T20:37:02|TOXN30211667329045|Violet|001-759-887-5921x2996|-6.3327295|-90.081052|55
1996-11-23T18:38:35|BYGR20275582147709|CornflowerBlue|001-115-238-0236x219|87.235380|-88.239745|8
1974-08-06T08:19:51|JXUN70591611863855|LimeGreen|959-772-1688|-78.066148|-152.971811|85
1993-02-11T12:40:31|XMTS31869289728454|Sienna|822.720.0283x94823|-53.688661|175.669117|42
1980-07-31T15:38:51|BCHZ32811659930202|Beige|(042)322-7752|-62.287954|-49.164957|79
1995-05-19T05:50:04|SBUD16506463005937|LightBlue|919-832-1029x161|36.077814|-19.723645|40
1995-09-25T05:25:50|WBYP83104384196622|Magenta|+1-316-708-0568x5667|-79.107057|25.709990|84
1985-11-30T19:37:30|SYCN65504944407663|Navy|339.650.4962x7322|13.439010|-107.689054|15
1999-07-11T03:33:54|WDHD36258542188087|Tomato|919.623.4199x643|-36.0409305|120.489665|92
1993-01-21T19:14:02|UXSZ47250583334303|BlueViolet|+1-587-605-4576|61.3212235|-35.816343|38
2003-12-26T03:28:15|ILPX45353659746698|HoneyDew|+1-634-212-5450x8095|75.980454|-15.529866|64
2004-07-28T12:59:13|CITP55966472130742|DarkSeaGreen|+1-914-261-4048x933|-47.744725|43.046300|39
1977-12-01T17:51:33|HIIS07963731008178|RoyalBlue|001-211-587-1845x235|86.614828|-30.019661|85
2020-04-19T00:51:49|XLXU44701732086523|Snow|(296)656-3370x140|83.3302485|-154.959621|52
2012-10-28T07:56:16|SVVY10558000272214|DarkKhaki|(316)094-3913x681|42.7083505|-91.696323|41
1972-05-21T23:25:34|FFQJ28620929735259|GoldenRod|001-332-227-3938x992|-89.6177015|-25.741196|51
1994-09-29T02:13:24|WRVU35323661850761|SpringGreen|(708)269-7182x36010|41.907089|-113.062242|89
1980-08-12T16:16:45|KJVV83882176484673|Fuchsia|001-223-322-2801|73.0552655|-23.213871|37
1987-04-09T03:31:56|ZIZW92225606295350|Snow|731.180.4674|-61.937386|-53.129478|70
1970-06-06T21:47:59|MIWY18520136260846|DarkSalmon|+1-756-154-7055x4912|78.0967575|174.167424|16
1974-07-31T13:42:40|JLSB95564091969395|LightBlue|(207)020-4262x0197|-64.2049675|-107.009580|24
2019-08-10T12:02:50|RDBF36967897609873|BlueViolet|731-922-7607x59889|37.5482665|168.294115|53
2007-01-25T12:11:30|KGQF94319165430895|DarkGreen|021-915-0576|-16.9083965|-28.179196|85
2008-04-25T10:39:17|QUHA00268764486764|Maroon|416.365.6045x006|-24.430903|9.517219|48
1991-06-02T18:34:32|SMAT49692771195296|DarkRed|(597)025-5128|-46.7544375|68.395429|86
1998-02-21T05:32:56|RLGC59489895965466|DarkSlateBlue|001-443-441-4916x99939|-24.915661|-41.230307|95
1988-10-07T17:55:03|PHOH64088223095862|MediumPurple|(398)894-1321x097|-55.3479995|-147.141385|22
2017-01-15T15:46:52|EWTM48534655792203|AntiqueWhite|964.612.9390|-82.6486745|-104.067588|78
2020-03-04T14:37:18|WCUF75658963595708|Thistle|001-199-314-5843x45663|-67.279068|-141.088144|72
1985-03-01T06:40:02|YOBF23622033474246|DarkOrange|437-968-6800|58.221714|169.570131|38
1991-05-10T08:33:33|SXOH90217741743043|Salmon|3850228946|14.916238|1.645149|51
1982-05-01T02:31:07|LIWX23328293020256|Maroon|303-033-4677|-71.8213325|-114.042330|70
2015-08-14T01:56:18|XUJV76279955302453|Black|001-239-847-2303x4202|55.0044755|-21.083465|0
2001-03-13T21:40:02|BZPT01722240507648|LightCoral|+1-177-546-1992x406|6.572542|163.500087|38
2006-11-10T03:17:48|FWLU72581225909566|PapayaWhip|482.373.3791|-39.988632|-126.458033|36
1978-11-05T22:29:35|CZDL80358690170740|PowderBlue|001-925-199-9452x9517|-62.613232|-87.301993|26
1981-12-11T03:33:16|DMKG38722054221626|Navy|+1-496-330-8334|-10.965182|-17.842479|55
2000-02-19T07:35:30|WVHV78995047020596|PeachPuff|+1-195-377-4926|24.659166|160.730942|100
2014-10-10T00:05:55|FYPI34277752259206|Brown|812-920-5922x9411|-3.4080045|40.392336|74
1984-11-10T12:34:31|BPIR96363726294206|GreenYellow|498-085-1331x380|-78.2936925|-33.642893|77
2009-01-20T06:40:27|NWSE12212154815826|Lime|(640)191-8548x80644|-54.146361|-179.484607|83
1972-11-24T08:06:03|UEYX77873585664641|MediumOrchid|001-342-192-6221|-38.109296|-81.740953|41
1971-03-02T05:10:16|HBHP83147891179726|MediumBlue|949.812.8318x003|25.961697|46.692848|59
1997-11-21T03:57:05|AREA05328538631050|Fuchsia|(383)805-8269|-44.120062|174.326619|56
2008-06-02T02:18:58|TBLN62763328389633|RosyBrown|185-186-2671x36841|-89.779755|-140.064539|56
1982-12-03T07:00:42|ENEX92188352791875|Orange|+1-067-761-0659x208|50.2968985|-126.070699|86
2014-07-08T23:03:03|VGBD97617815969838|OldLace|720-266-5686x295|64.282242|-129.426335|27
1979-06-02T02:25:26|IFQP25539460742990|LemonChiffon|296.694.1799x6708|-88.9672645|117.021575|65
2010-07-05T23:43:09|LRMO99464183984167|DarkSeaGreen|+1-853-698-8164x9804|-12.149488|-10.328873|60
1970-09-03T11:27:24|UEQU05210262706648|MediumPurple|8248458130|59.325800|109.708412|94
2009-01-01T07:59:04|OWUI48839974185630|Cyan|001-500-030-5661x99530|5.948601|27.985170|21
1989-12-04T04:22:03|CGOV84679087018726|Silver|+1-013-651-0344x4429|69.8012385|-156.771820|84
1996-10-08T21:03:20|MRYO65240622155996|Silver|622-219-0533|80.5108115|167.632661|10
2014-11-28T01:34:08|HUGH64845593965213|LightSteelBlue|712.455.3129|-74.8718885|-178.215279|36
1986-12-15T07:55:14|KRYY17327726488395|LimeGreen|+1-585-229-4252|-6.0796095|-125.559600|65
1997-08-20T04:17:14|DNMP71050805491477|FloralWhite|(535)247-8417x159|-9.394133|126.594130|84
2001-04-07T23:57:24|FHXF53788033183611|OldLace|(892)608-7882|59.4692625|-143.322388|81
1993-12-30T13:49:26|UMMA86251521746535|PaleGoldenRod|(801)891-5673x4467|-66.4790575|77.263610|79
2000-02-16T04:42:33|TYPK14336299946645|Black|900.108.9857x390|52.617533|-54.397686|42
2016-07-12T21:36:43|SESO68442464884997|MediumAquaMarine|857-595-8281x90221|28.408860|133.428990|11
2001-06-28T23:33:10|TPXV12488397170598|DodgerBlue|001-514-367-2868x11230|-33.6500175|103.555415|96
2004-03-19T14:27:19|ILNU93978145900992|SaddleBrown|(905)528-6693x351|78.5785755|172.720407|30
1991-04-22T16:04:20|TNAS05326011939103|Violet|(974)255-1360x90858|-62.870751|89.664077|86
2018-10-21T13:51:23|DHBD37361587366271|DarkOrchid|969-335-3900x585|25.481418|-131.495015|39
1994-12-15T19:50:11|QHRC56639792551164|DarkSlateBlue|001-902-837-7270x2896|84.5251685|23.050117|28
1997-11-22T02:33:25|AXHN64416101975358|Silver|464.051.0388x0273|-87.7793515|-38.234530|25
1979-09-18T01:47:04|MFDW14447189395309|Ivory|+1-676-490-9228x849|46.673245|63.924479|18
1988-05-07T12:02:15|WTJW35872717430688|WhiteSmoke|+1-640-343-9881x873|57.2037525|72.272032|3
2000-02-28T11:37:08|QJNT36477041309091|Thistle|860-282-6254x204|-71.794688|171.762533|5
1981-08-05T23:01:08|WGCA57720441007941|Magenta|538-109-7941|80.266402|-102.452831|31
1979-10-25T01:41:16|TOMP87264963225174|PowderBlue|(043)261-1890|-80.4850265|-76.695888|60
1990-10-15T17:10:51|JLRF70286720200953|HotPink|+1-219-536-8900x5779|-5.9827935|-163.880413|78
1974-01-29T15:07:38|CGIU00739713072211|DarkOliveGreen|+1-908-716-7221x0454|19.3908515|-119.937749|98
2003-10-02T14:22:50|CEVZ70744360234422|Gray|602-523-9412|88.326760|-170.863717|9
2009-09-12T00:29:06|HTLV26903265513276|Brown|(480)245-5985x160|-54.7240275|-123.215861|58
1977-03-27T02:47:54|OCYN12686498647868|NavajoWhite|760-088-4474|-83.655366|94.433293|53
1985-09-13T14:36:13|LRZZ19074992164006|Magenta|001-836-923-5348|-17.786697|93.729814|80
1999-09-28T20:15:21|HYBE39865462202123|PaleTurquoise|(205)503-3000x0886|-23.249010|-23.399690|73
2018-08-11T10:50:30|ZLPP08899114160091|HoneyDew|001-232-737-9897|75.832961|-155.986073|24
1996-06-01T21:03:21|AUIO18674630009984|Navy|113.711.8151|87.7452885|144.339318|91
2007-10-15T22:56:34|QSID94203401535346|Ivory|(699)944-9466x720|-64.366955|-148.560740|89
2007-06-19T15:47:06|DWSV81822387940262|Azure|174-527-3536x423|2.4601255|63.972288|49
1971-03-09T09:37:34|ACQZ82851816125590|DimGray|+1-610-079-2304x66001|-55.6974845|121.483940|63
1986-06-28T11:20:24|NLAS23296151204850|LightPink|534-460-4227x63460|-61.2583675|153.954771|51
1975-12-31T01:12:27|IAMT34724358617682|DarkCyan|127.267.0866|13.9991035|8.485921|31
2017-07-21T12:27:17|UYWH19768784947712|Maroon|500.618.4897x4223|-5.9241345|-34.038097|18
1984-04-03T12:38:34|HHKT68212156495254|Maroon|(644)111-9738|57.7552615|-136.885049|83
2006-02-23T23:00:29|DGWL43594882188496|LightYellow|001-640-511-0212x54341|-39.9399795|-47.320648|88
1971-12-30T10:39:51|DKIT86037218600320|YellowGreen|(978)999-0114|-81.293638|-172.909903|0
1984-04-13T00:20:17|HYVG71978601625908|DarkTurquoise|478.550.1137x535|52.300088|-91.068154|96
2018-01-20T22:06:03|DMEN78072790371616|Aquamarine|+1-197-223-9964|39.1501425|83.286866|98
1978-03-17T21:19:59|NMVB68102480855780|Aqua|432.362.2169x06968|4.599760|64.755647|13
1987-08-31T22:27:26|KMKL51691395215016|SlateGray|+1-610-703-3508x4243|-59.799339|152.861458|99
2006-08-16T20:58:52|WPHW81300416910530|Cyan|167-586-4633x9534|57.626245|-131.297633|54
1976-05-12T06:27:40|AADT76427896157385|ForestGreen|+1-128-177-5123x959|43.6138935|92.026936|28
1976-09-13T07:05:50|IGJY09723602446546|Peru|(051)710-7308x715|13.152786|-38.494551|22
2014-05-23T23:11:50|MZTM03175438027414|LightSalmon|726-029-2546x862|31.029025|-80.176107|89
2007-10-08T14:42:49|NHBK42076327135386|LightGoldenRodYellow|+1-592-386-8790|19.102092|-163.781376|66
1987-12-01T00:30:01|NYZP32055340508927|DarkOliveGreen|159-764-0535x67078|69.8207675|68.771699|59
2004-01-05T21:08:44|SIEW90384227362732|BlanchedAlmond|(271)117-5769|-57.6019855|84.043746|6
1977-04-03T18:07:19|KBHQ85144869830521|SaddleBrown|001-039-220-2698x0142|16.708642|-35.776275|71
2003-09-19T14:48:38|VBOW77031637050049|DarkMagenta|(724)469-3172|61.1832285|-30.407871|31
2000-03-09T18:27:43|LGOO90654025998519|DarkOrchid|272.728.1291x6350|-9.8813755|122.372271|15
1999-03-18T18:25:04|BVSL52728453974995|Aquamarine|001-886-406-7560|-44.460955|-156.058324|58
2007-02-17T23:06:51|ASCY29022154390448|Maroon|3225333202|-24.319611|11.942566|17
1974-07-30T03:38:02|BVXU50193545036988|Red|393.332.4362|68.939425|49.112206|59
1979-01-01T09:46:35|ANJT83124412907596|FloralWhite|+1-992-012-3763x17749|9.776186|-30.827631|85
1980-11-22T03:24:00|BAEU41937591922671|OliveDrab|536-264-7528|78.994967|34.019198|67
1987-02-21T09:00:07|JXDA96173009928452|DarkViolet|(115)355-0514|-33.6597645|-105.066772|71
1976-10-30T15:33:08|PCGV87797247925422|Wheat|(345)819-2048x7706|42.2606475|160.401583|76
1996-01-04T17:27:16|VFFG29986515902578|Moccasin|001-408-585-8838x25672|18.590406|-87.711308|40
1971-03-24T03:07:44|TGMR25435519628222|Sienna|1825624728|20.377749|-78.690877|96
2010-01-30T05:40:38|TWQC22341499290096|IndianRed|+1-702-660-4509x5632|-72.0810455|76.202336|56
1989-05-25T17:10:45|QAGB19335389222471|BurlyWood|600.608.2770x564|17.436803|-120.462477|78
2016-08-14T22:31:11|TVBZ26438500953723|DarkViolet|623-133-6109|-20.4818715|-28.004175|92
2018-06-28T13:24:19|CLDF16544137277685|LightGoldenRodYellow|063-494-2904x61755|-63.133162|94.661579|64
2007-06-18T05:31:16|LZVM99324202483744|Peru|7234565386|63.706006|-42.814221|54
2000-07-12T21:21:31|OZEW85362689047238|LavenderBlush|+1-100-953-8557|-18.081608|-86.379871|70
1976-03-21T00:28:39|KHIP00937814604761|DodgerBlue|(844)370-6618x756|-21.1712125|42.314937|57
2001-10-21T03:25:10|DWTK15418589900277|Tan|(108)450-7860|-12.138704|-53.197589|20
1994-09-22T21:18:11|KWAX33746983306773|Aquamarine|182-226-6794x19087|46.3880945|167.378416|95
2004-07-04T05:04:06|LFTR06739634289876|Aquamarine|+1-504-922-1704x86186|28.858364|-164.033702|60
1997-09-15T09:27:55|KEBB29073992891982|LightGreen|653.371.7086x494|-43.932269|37.553588|57
2009-12-19T17:24:50|HASP31354901459967|Aquamarine|219-587-3054x9824|-27.7229055|121.405332|33
2004-11-19T11:31:05|THUV21781678066431|Gold|901.649.2815x03701|37.7629265|-150.794647|96
2010-10-08T03:23:24|ZKHL03088081726282|MediumPurple|244-850-0728x89592|82.2244135|167.272726|31
2001-10-10T12:36:32|QCKA91961276620808|Cornsilk|9170263444|-31.389258|-4.945954|81
2010-06-25T09:04:23|JQQI87012042425369|Aqua|237-530-2849|31.1581235|37.469789|35
2017-12-03T09:11:06|BPQL24365240553648|PaleVioletRed|+1-754-036-4882|-58.094718|9.127903|98
2018-10-13T09:27:01|OZGJ66232360667998|Ivory|259.497.2204x298|13.8715265|-80.937173|99
1981-04-13T14:56:24|YODJ61799623569992|MediumBlue|001-833-587-6887|42.991572|62.096467|66
2011-07-29T09:01:19|EXLH34820849315398|PaleTurquoise|001-912-260-0014x40762|75.608488|-143.847771|62
1990-10-02T19:31:31|TRWW91341038975287|Cornsilk|865.642.2405x920|49.207996|-81.939746|80
1985-11-22T11:24:43|IGOM66919489629805|Indigo|017-530-7966|-63.0211525|102.497327|30
1999-04-21T22:55:11|OZDT40434741253137|MistyRose|610.077.7321|43.2323145|7.696439|35
1974-03-24T17:59:07|FCOR02599919387337|Beige|244.474.8904|42.441303|51.526611|56
1971-10-01T02:21:28|LYKD35107651917085|BurlyWood|+1-289-514-5634|-80.0573115|144.816857|9
1974-12-29T17:37:37|OJAJ11574496539160|MidnightBlue|+1-004-093-0454x1840|-23.254981|144.381153|91
2018-06-10T23:03:11|OEUA39662038588640|MistyRose|(026)529-5164x69333|1.9514375|44.156319|36
1978-12-29T15:13:52|FYPM40880670898709|DarkGoldenRod|001-199-184-3113x26611|0.002586|108.360808|30
1988-10-04T23:46:07|OOIU32119604722053|MediumPurple|(077)454-4708x231|29.129786|-145.896120|34
1989-09-07T23:31:50|KBQI39467662623596|Tan|026-184-0257x8703|14.2231825|97.528221|42
1997-04-22T23:41:22|BYBG66360502816409|Lime|390-912-0302|7.935040|-107.385194|40
1971-08-03T06:15:41|PIRT75979531926009|OrangeRed|275-745-4492x05489|-14.431155|-26.823593|69
1992-05-31T17:26:06|FCOQ18965583445662|Sienna|521.797.0566x036|-62.4722325|45.485284|10
1979-07-01T06:42:51|IKLH26602351585015|Turquoise|+1-173-167-1560|3.109790|102.694374|17
1999-12-12T04:43:05|OJEH33954794064531|Navy|790.571.9189|52.678034|33.599260|19
1999-08-02T04:53:20|ZYWK36561833597487|IndianRed|001-570-237-7184x3019|-40.176074|-91.984091|29
1971-09-27T15:17:04|PLGE29732396440282|Fuchsia|+1-676-992-4277x392|-29.9149175|107.181638|49
1993-01-04T16:59:18|QBGE91401693328442|DarkOrange|199.829.0755|-67.423584|-3.769075|88
1988-04-15T07:05:42|RDKX75699913831006|Plum|001-322-622-7777x33168|-80.9349585|33.903202|19
1997-05-06T00:27:27|YSAU03850360595298|PowderBlue|410-740-2740|83.947185|53.178516|90
2002-03-16T12:20:41|UJEL25906200363856|SkyBlue|+1-614-974-5979x318|-31.5913075|135.183269|27
2017-07-26T07:29:32|URTV49149860995504|MediumOrchid|+1-326-643-2239x4612|-62.9298125|-95.738930|8
2018-11-25T22:12:54|OSWU11594853400127|LawnGreen|+1-223-984-7422|1.538624|33.509091|53
2018-08-31T17:06:52|LNMW88223788705841|HotPink|1349564799|54.0102935|-34.497985|52
1996-08-20T16:08:45|ARNR94963830972361|Black|(926)166-2016x55578|19.079292|-30.866360|42
1992-06-29T17:09:41|MYYI57512476400068|LemonChiffon|(682)405-1665x45122|-21.0958905|-17.576905|69
1987-09-11T15:15:51|BNPY02338686083570|PaleGoldenRod|(363)094-4238x602|-77.8607695|-1.337660|59
2019-10-08T02:34:36|BPNA94134909619797|Sienna|001-972-452-8413x569|-17.4414125|102.730592|53
1970-11-24T15:40:37|HXMJ67480957394059|RoyalBlue|+1-026-029-4420x315|52.3905605|142.371982|7
1979-07-10T12:47:16|IHVA34203197774867|Gray|141-864-8230x8829|-4.100654|164.342462|26
2005-05-21T15:54:55|WSUH96233260586942|LightCoral|+1-483-173-0662x9315|-65.230732|104.343508|53
1976-02-24T02:48:29|MNHD65594698906232|LightCoral|717-989-0223|36.574388|127.739165|49
1973-11-08T03:34:51|AVTL48708477954176|LightPink|981.889.0737|48.026380|-144.400673|98
1994-01-02T11:00:51|PIPO45896268384887|Ivory|(207)612-3961x21905|-66.319762|113.766116|74
2007-03-19T08:30:46|CYQO61820706690107|MediumBlue|(298)268-9334|47.2727615|175.813136|89
1999-09-19T05:10:22|RPLB50675789683355|OldLace|7731231555|79.6849285|-157.071271|2
2016-05-13T22:27:21|VIRA21879938444045|WhiteSmoke|(114)147-0123x50368|29.177179|-118.887536|97
1992-01-26T12:05:41|QKYN10977978023445|Lavender|679.403.6640|-72.1775885|51.931673|73
1984-10-30T15:49:15|YPMT83159757292731|LightSeaGreen|001-302-915-8542x33241|10.908985|20.171400|48
1974-09-11T07:44:19|OQGG66073446746215|PaleTurquoise|841.749.1617x050|-46.631042|-91.102327|61
1975-03-27T22:06:05|NCOB41344760948377|DimGray|001-292-864-3302|24.018597|160.598907|0
1993-09-03T15:01:20|ZTOQ62183667719666|LavenderBlush|2563420222|-30.895821|-35.761645|45
2011-10-07T01:22:43|PBXF76836759017791|Fuchsia|461.440.9233x5174|16.1535775|13.540087|38
1999-07-22T02:42:21|WDVV18637263199569|MediumTurquoise|227-764-1490x038|-3.1943145|-178.668486|96
1982-03-05T14:22:43|TIBS34448672288390|FireBrick|001-314-546-1574|65.7622605|-73.714025|49
1980-02-16T20:44:30|JCSP88795312040954|DarkSlateBlue|(661)830-8580x0187|-24.714143|-133.950380|53
1991-03-27T07:05:28|FCCB36786210781871|Bisque|856.425.7068x02693|-24.3967595|-141.290534|68
1995-05-03T06:16:46|YETA00230286550522|DimGray|420-667-0151|-21.2551415|-8.330961|95
2020-04-04T09:29:29|PDCW63382222400539|Cornsilk|056.201.9011x34843|-29.970541|129.171116|94
1976-11-16T01:59:45|FQJN13239456452342|LightSalmon|497.602.4986|25.2658555|-76.208529|69
1988-03-18T19:09:15|EBVY36773498529735|Indigo|+1-526-655-9147x625|-23.8874965|163.372390|77
2004-10-07T09:56:28|BXKC75336952474665|Moccasin|896-298-5324x367|69.0185395|-99.075007|28
1990-04-08T02:43:12|CMEL63835434685863|Moccasin|1682497939|73.3211015|113.334991|62
2014-09-23T14:37:42|CCWR81168371030737|Cornsilk|2014896780|59.231844|-104.871379|28
1996-04-22T22:23:06|TODZ46394762542926|Salmon|633.917.2994|-86.953752|-64.448438|34
1996-11-28T00:12:44|VGWC12664971967068|DarkRed|910-161-2590x163|62.387178|142.998699|55
1988-07-08T07:08:06|TATF34437673481409|Lime|+1-101-679-3014|56.137305|-131.069103|62
1977-01-22T05:03:09|KZPS10042028866168|YellowGreen|001-199-034-2134|44.7396005|-3.301492|3
1990-07-30T06:48:08|OXZF31607917913860|Brown|+1-117-132-1940x247|89.585173|-177.687103|49
1980-12-29T21:26:05|ZNUC11287452719367|SandyBrown|646-391-3810x7491|86.5288765|23.447678|43
1978-04-24T03:58:30|UZEQ15401315350696|Wheat|(168)455-2527|-6.2782345|-139.706879|85
1970-02-20T02:56:58|DJMV79899488566948|Magenta|001-300-519-5675x6355|45.5238745|-20.955377|86
1979-11-30T00:21:20|WEQC26625650460700|Brown|+1-413-068-6240x87100|81.3078455|41.110316|51
1997-11-05T04:13:51|OBHZ17282076238115|Sienna|232.822.2824x08475|-48.2462965|102.398846|92
1983-02-09T05:13:07|JPPA41084791351135|Moccasin|+1-535-722-8920x6415|41.365620|118.781837|21
1972-10-14T10:35:48|PMGD80104194534195|Silver|814-478-6742|57.8012815|-160.451105|59
1981-12-05T18:16:40|CNOP06357803789121|DarkRed|743.699.0558x55759|63.5893905|-15.684723|16
2017-06-28T17:18:18|TOHO06969045289860|GreenYellow|001-656-733-7457|-78.3951885|-135.442747|79
1997-02-27T00:25:53|ILCF81498025308437|Orchid|296.444.7725x0842|-25.471262|-104.387851|68
1987-01-19T00:18:17|EHAA17241553691585|ForestGreen|906.279.6024|-45.831033|18.063820|3
2000-10-08T22:55:13|BZFR95945231582863|Bisque|2966299172|-63.3688485|80.582615|50
1990-02-09T11:07:00|YPVA16782153926693|LightGoldenRodYellow|001-063-250-3139x28048|6.178225|-175.925185|75
1982-08-02T20:55:00|DKRB93335937971900|BlanchedAlmond|9561622564|42.131826|-145.645449|72
2004-12-26T14:09:52|TJPA79923045323167|LightCyan|+1-145-647-4370x194|4.6889335|-74.874390|84
2016-02-12T19:21:55|PXXR76665052761209|DarkCyan|578-061-9022|-23.989982|-142.823046|3
2015-12-12T12:02:43|CMOY06763532237185|MediumBlue|2684856371|-67.6859225|-26.418952|10
1980-05-11T11:54:11|PFBY37539892313246|Gold|866.932.7841x78376|1.938745|126.083363|82
1974-11-15T02:08:29|WIFN01140652664267|Sienna|+1-512-724-5533x75656|74.710669|71.932937|54
1997-12-13T19:35:49|GLHL24945104625069|Cornsilk|568.512.0627x672|70.3303345|-55.759996|17
2020-05-03T05:18:05|IALU44212914650223|DimGray|(804)579-7251x8407|-83.4965195|-70.686752|59
1985-08-31T02:40:07|QNCL23372094516767|AntiqueWhite|(328)630-1122|-82.7343565|-153.687766|23
2018-12-31T17:26:02|RHXD48333679608289|Indigo|001-136-054-9469|-54.276398|-167.100690|6
2008-04-06T19:47:51|ZXHS01324951935001|Chocolate|617-580-8038x890|-13.2700725|-42.947114|33
2013-06-03T00:02:59|BHHB66851353814837|FloralWhite|803.090.1685|12.3901895|-28.692472|48
2000-06-11T15:46:48|CVLG19027169883716|CadetBlue|668-611-9976x7598|-35.785532|176.479918|41
1983-07-23T07:08:17|EBWS05835345819565|LawnGreen|535-339-9824|-47.2590725|28.250250|27
1997-03-26T12:30:53|RCXS58015846687930|RosyBrown|+1-028-532-7276x698|83.7714225|-60.826162|58
1987-05-11T05:01:35|IQVS25285461308730|LightSteelBlue|720.738.2777x711|44.556677|-22.970939|41
1979-07-17T21:39:34|ISMN63090071210242|DarkMagenta|730.577.7196x19971|10.984939|15.831493|43
2018-04-20T14:16:58|PJKU64099683344009|Orange|426-537-9322|-66.3123185|131.092756|97
1975-03-03T11:15:13|TGQA05473601579115|Beige|+1-016-260-0802|17.7300515|7.179539|48
2008-02-22T22:13:03|OFGM59783354883571|MediumPurple|967-914-6386|80.0727335|27.950834|35
1989-04-20T16:35:05|RGEW17266528246854|SeaShell|272.400.0208x601|-8.343489|177.845772|96
1995-08-28T03:28:52|UIPO54327163033563|HoneyDew|+1-301-000-9089|68.0129975|-53.944781|53
1974-06-28T14:33:01|ONSV48028354158929|Navy|304.376.6136x6280|47.3973285|-135.790063|32
1979-07-20T22:25:12|ZRLB94747053110583|NavajoWhite|001-096-739-7984|-52.5510635|-129.177389|10
2007-12-14T16:44:21|PDIR93765016767187|LightGray|+1-288-363-6885x01627|17.7817015|-87.713198|60
2010-04-18T08:02:54|ELLN80937616522898|Wheat|4993598125|1.6434355|154.195101|2
2002-06-08T11:36:48|MDIP76408385805014|CornflowerBlue|(657)893-9129x565|-65.0858195|106.894795|95
2006-04-06T17:24:53|LQVI60050092449287|Linen|001-570-302-9301x125|80.086098|-172.917191|69
1974-05-05T22:52:14|QKQM29069522233693|RosyBrown|062.007.3024x2662|-20.324257|128.280792|6
2000-09-15T10:33:26|JMUQ05714469567406|LightYellow|(354)453-4514x6688|87.8814435|44.859296|44
1994-02-01T02:56:46|YNRW83483586267366|SaddleBrown|(320)775-8708x9432|84.6023335|39.318849|28
2011-07-08T17:17:36|ORQH69580504505092|LightSteelBlue|200-734-2939x07737|-51.9147835|136.909794|83
1991-06-02T17:07:11|HUIQ03801625851502|OldLace|450.281.4353x1279|-18.912049|-55.155843|8
1985-03-25T12:03:33|TQVI11123590426527|RosyBrown|662-510-8573|51.876115|-76.685180|99
2007-09-13T22:10:16|SJHY46091935117455|FloralWhite|+1-706-272-8167|-36.367578|-47.150899|83
2000-02-05T11:28:27|GCVV57562641260848|Coral|001-762-099-0693x19630|-26.9521965|152.036650|5
2010-09-04T05:37:35|IBTY45059982267312|Turquoise|(388)804-8514|84.5401955|-98.259452|96
1973-11-22T07:46:12|DPGH02823134275576|LightCyan|115.490.4431x8343|27.005282|150.195502|3
1995-05-08T20:09:32|FUXR29771150629179|CornflowerBlue|001-517-328-1629x108|41.311053|-57.277746|31
2012-02-04T05:18:38|ECOK15737671052987|LightGreen|(459)915-3044x500|-42.3307955|-176.844057|25
1978-11-29T08:04:04|UJUG78903450295867|PapayaWhip|0409346754|77.888590|-143.059306|2
2006-07-05T00:29:52|SDUO10138272105133|DeepSkyBlue|8422013882|7.0829165|-53.273818|79
1981-10-30T03:16:01|AOFT68163603891736|MediumPurple|(894)767-2000x521|-21.017681|-126.461544|19
1973-06-05T13:23:33|ZXLL48508951237085|Brown|919-445-4569|36.8655355|-103.888834|30
2011-12-23T12:34:32|KIVP76713771886263|MediumAquaMarine|266-783-0557x37138|50.862286|76.531614|16
1989-06-30T21:14:00|VBSF46144662763304|Turquoise|761-421-5248|-29.1284425|-119.497523|60
2010-11-24T01:52:41|KNKX64704656896987|Tan|(883)004-8379|81.9856465|-57.680759|85
1997-04-29T22:35:15|SRCI22912706593410|SpringGreen|2911872282|-14.632501|77.598308|14
1978-06-11T22:56:04|NANL96075789849749|MediumSlateBlue|052.217.1148x6565|48.7230745|-129.039772|72
2007-08-17T04:53:32|QRZX06173563163129|LightCoral|001-572-616-9496x3788|-70.932871|-132.390309|27
2009-01-21T19:43:25|VFWS99068201307167|Gold|+1-216-336-1317x985|-18.1234875|130.523827|59
1972-06-29T11:13:18|TBRV37295458583563|Navy|001-812-743-9225x517|-16.897224|-142.558705|89
2010-11-05T00:34:52|SEOW47621236018639|MediumOrchid|138-453-1563x093|-87.6707975|72.486826|32
2010-09-06T19:01:12|KRIY09645987240899|Sienna|+1-773-516-6811|-34.6497485|-64.147215|98
2012-04-22T10:31:31|MYLM21734024222419|LightSlateGray|+1-306-323-6540x181|84.1645505|-13.567930|47
1989-09-30T16:38:53|GHZW42024350947651|Coral|001-615-640-9941|-7.0724215|85.747233|21
1993-12-03T21:32:27|FOSX70542451908261|Moccasin|+1-103-565-9429x9202|-25.075684|77.850995|77
1996-01-05T09:42:23|SLRZ92295338619411|MediumSpringGreen|(390)934-2424x06628|-39.5822735|-34.959542|77
1997-11-28T09:02:45|EURO33437518669408|LavenderBlush|+1-424-382-6928x5507|-17.793932|-70.369658|95
1993-02-20T09:18:03|VAWE88959470396964|Fuchsia|176-504-7188x300|68.891743|136.057481|91
1993-02-25T06:53:57|HOYF44966866798994|LightBlue|170-690-1497x11038|-20.0162035|60.534749|14
1976-12-25T20:36:02|IMJL50518860167449|SlateBlue|+1-343-596-9850|-15.3108295|-5.943695|99
1971-02-18T13:27:21|QUKS37540242861789|DarkGoldenRod|714-025-0385x762|11.0369775|-18.479970|20
2004-12-27T13:43:12|ZBKT84936806358530|OrangeRed|127-896-9519|84.0863395|-68.118122|39
1970-02-08T02:56:20|TQNJ77586703656203|PaleTurquoise|(443)946-8963|-27.5540875|-123.654539|13
2006-07-23T14:24:13|BZFJ61707317445776|DarkGray|263-678-5089x89774|43.089026|20.968916|74
2011-09-26T01:13:28|HHGH85295377403767|Khaki|(042)076-7514x975|-36.387735|-19.986923|3
1976-01-03T21:14:46|BTTQ30990009406565|Orchid|445-385-6535|-41.6028625|-72.472915|39
2016-01-22T19:12:06|DKZQ00470911034956|BlueViolet|989.965.1181x5837|-15.728789|35.710986|73
1999-01-06T20:41:48|BSML18687047966682|Orange|5256599508|82.3097575|152.228698|86
1974-08-13T03:55:27|HEGG29276405473986|DarkGray|405-131-8660|-7.234104|80.142670|48
1990-12-05T15:47:29|LGOV47852474420359|DarkTurquoise|238-735-1866|-6.7598305|86.771467|50
2002-08-08T05:59:32|HFZX18302585346581|Gold|001-885-217-8955x9909|50.261410|-17.012134|91
2018-01-13T18:54:12|XUBE86558167592383|Thistle|348-918-0038|-72.543467|-41.379432|25
1996-03-18T16:30:45|EDPV42195973091218|ForestGreen|(341)146-1331x555|-37.4464575|-151.023020|9
1974-04-10T04:50:21|IBBH07781109659845|ForestGreen|634-541-8299x12699|-18.354395|3.203551|75
1980-05-23T09:38:20|BHCQ10616691008224|Cornsilk|001-682-682-2175|81.271645|35.880325|88
1981-08-08T18:44:37|QJQU20834791005932|MistyRose|572.287.0322x0074|60.0169685|2.321531|80
2011-11-24T22:10:06|MDUO12951452058028|IndianRed|+1-048-022-4065x4747|17.143163|145.873756|31
1993-03-18T05:25:47|BPGC89856643016556|Purple|(878)887-6569|77.3534875|-52.409945|13
1975-01-15T23:48:51|FRBQ29011386047947|Snow|9903803514|49.8697435|135.069901|89
1991-12-16T13:29:55|SOYO41914790534728|DarkSeaGreen|167-309-5326x708|-21.321460|94.090262|98
2005-03-09T18:59:51|KQTK56292582282801|LightSlateGray|530-688-5684|23.388561|80.360093|38
1997-11-13T06:46:44|QNPK58374495975213|Gray|(755)592-8974|54.270379|65.540059|87
1988-10-23T19:21:55|CRSH86267511997645|DarkRed|551.564.1967x8963|-87.869623|-153.252889|76
2008-07-01T03:49:32|YJNE16301597224228|DeepSkyBlue|(349)276-6809x84601|80.1259005|91.737630|15
1972-04-14T18:52:01|HUFH01537358667155|DarkTurquoise|053-926-0967x46272|-77.094209|157.759667|72
1992-08-23T17:50:46|TKSU99119285672850|DarkGoldenRod|553-830-7755|57.377117|-105.503932|100
1976-01-30T13:52:12|XKKF95678446078907|SaddleBrown|991-981-7755|-71.6063515|-97.763867|5
2008-12-18T17:13:22|RHCH25316498283859|LightGoldenRodYellow|656-590-7055x49434|-30.2314755|51.879583|44
2006-07-19T06:54:12|MMIK92209490763415|DarkOrange|710.011.5477x349|-19.446938|-50.940562|68
2015-02-18T05:33:40|BXGN22557856413547|FloralWhite|557-395-2328x5558|-85.261323|132.498069|54
1993-05-30T10:13:16|MPVJ81660284136233|PaleGreen|470.407.1469x71479|41.302460|-48.167647|84
1989-10-17T00:30:48|DJII08374560170396|Chartreuse|5900170679|83.464539|-35.200375|47
2009-02-07T08:35:56|AOSE85516215938967|Indigo|367.355.8960|41.278297|-148.972661|8
2000-12-04T12:42:40|DNFU33513901430974|DarkGoldenRod|936.635.7967x1480|-37.3820315|178.393855|64
1970-10-01T12:04:30|RXRF56582608252637|Red|001-128-866-9112x2321|-19.1722075|156.415655|82
2014-10-03T14:18:41|EWUC19789259465744|GreenYellow|325-544-1181x8513|12.5548325|61.670002|43
1982-10-07T07:58:16|NAIB88193768418471|DarkTurquoise|201.483.3354x01127|-44.638713|110.824402|1
1984-02-03T11:23:44|XAAM64770906761837|GreenYellow|001-507-671-6217|-50.4643525|-157.560598|53
1989-03-09T15:07:16|OVKB41869303264564|MediumSlateBlue|(199)160-5390x649|-81.0905305|123.095710|62
2018-12-13T17:58:53|SMAH51970181589136|YellowGreen|670-742-1531|70.6213385|-46.336208|13
2013-05-23T00:56:35|XSUI26022169088754|LightSkyBlue|933-583-8439|81.470757|-135.609957|55
1970-04-16T22:13:16|KLXI17454693510214|Bisque|+1-128-331-9558x9799|-86.796373|-61.594707|46
1993-01-22T18:40:21|VWLM71703056870941|Cornsilk|001-605-164-8389x533|30.3176125|26.794546|81
2008-01-06T11:10:04|GTLV77600643459731|MediumVioletRed|(303)324-9675x745|-58.778167|-179.826971|58
1990-07-26T02:08:33|OXWP73181560542707|MediumOrchid|+1-594-761-1107x97647|7.189024|-24.345016|90
2015-11-03T16:33:44|TKLN72269348540390|MediumSeaGreen|685.606.6992|84.4708225|38.894951|19
1974-08-10T04:17:46|FDKO09777795703996|Cyan|(792)711-0735|-56.928025|-110.197954|55
2007-09-11T05:24:24|PERA82432333023993|DarkSlateGray|606-943-0695x2357|54.3339155|30.339471|22
1991-12-28T03:48:33|UPCN37006448854875|DarkSlateBlue|980-425-5428|-88.2655325|-6.062694|93
1986-11-06T15:59:16|ZKZZ55078688786020|DarkSalmon|221.317.0195x866|-33.937921|137.755915|66
2009-03-30T16:51:31|ROMN72873142495629|RosyBrown|(964)416-0332x888|-88.2204775|72.870164|83
1970-04-22T13:50:36|ACBN45120220175454|Blue|792.104.6627|-4.224680|169.091695|34
2020-05-03T21:01:57|ACER97442036078548|Teal|+1-309-587-2383x6806|-76.8535455|-132.795875|78
1987-09-01T18:48:50|IZDD71485819701501|Magenta|(720)925-1920x1828|4.7125185|-112.178245|68
1986-03-20T08:32:02|FDOV49379582915855|Red|3971492075|33.3435215|-17.487066|99
2017-05-12T22:53:47|WZZX48739626259188|DarkSeaGreen|4977367724|-10.2566895|-77.313052|61
2013-03-27T20:50:43|HQIH78729657156438|Sienna|299.034.8042x47960|78.1705765|-163.587222|59
2019-01-24T10:15:44|BHPK57376242662254|MediumOrchid|001-369-309-1401x5273|-60.812159|-118.985218|55
2001-04-24T05:11:10|EEIB75690018429335|MediumSeaGreen|001-474-229-8359x66771|4.734010|-46.213749|93
2010-07-01T23:57:59|AELX47365003299090|OliveDrab|647.614.4278x7355|-20.258427|173.614705|75
1973-07-28T19:58:22|SHQD97920675493934|Turquoise|+1-690-453-9252|47.810510|71.690382|34
2007-12-20T13:44:13|SIFV81330734533023|Lavender|224-740-9853|33.114237|-95.559584|41
1973-09-28T03:44:12|GJIB02325107155587|Black|404.224.5641x199|-48.0517425|19.359357|31
1995-05-02T14:39:21|WDGU07819135053494|Teal|001-971-575-5716x63282|-15.464291|39.891361|11
1986-09-29T03:25:42|AUDK18563520076150|DimGray|9868569771|-7.8394395|-78.076418|35
2016-09-02T14:40:18|FZAY09010146103927|SaddleBrown|(818)930-4616x38816|46.4339765|74.010897|57
2018-02-28T12:20:32|NJNR69050965688267|DarkGray|7272081472|79.724658|-76.300469|31
2001-03-05T04:07:32|FKAN08306978999514|Gold|836.714.6749|-80.519236|53.421547|96
1995-10-15T01:29:28|NSLB85711645605956|DarkOrange|180.739.2002|3.815498|104.142138|59
1993-07-21T09:22:38|LTFU77303167871926|Chocolate|720.124.0254|0.466843|-7.530273|72
1971-08-14T22:23:20|RZHZ80998397673887|Cornsilk|630-343-8300x0914|-30.031081|-12.028476|78
1980-09-16T21:53:10|PQFA41799654662897|Olive|896-225-2756x002|-55.802732|-45.883364|85
1972-07-17T11:06:57|DXHJ77125158904182|Peru|(051)666-0812x3927|51.5203525|117.064239|48
1990-01-01T05:51:52|UMPP63615276958444|DarkBlue|482-488-6313|33.880135|-53.993464|43
2001-06-10T15:48:55|BJFB18026691419396|AliceBlue|471-891-1992|-5.3546735|23.133207|3
2014-10-06T03:34:22|RDHM88341034141318|Chartreuse|001-814-051-3251x7904|-6.2966895|61.825959|63
1972-08-16T05:23:47|NKOH06714878310314|Red|645-722-7579x407|-18.1320295|-165.331942|41
1985-02-20T20:56:44|FZLG99870933913694|BurlyWood|+1-641-060-3267x5318|-77.7933595|6.660856|23
2003-04-09T22:25:53|YKCV10896546125360|HotPink|047.486.7948|11.6218855|161.223132|62
2013-04-16T14:03:59|PNHG17036100770177|Tomato|+1-375-949-3307x811|-70.1668145|57.484713|27
1977-04-03T23:34:14|OTVZ49021444155967|DeepSkyBlue|(849)655-2391|38.8610775|-165.765567|45
1984-05-14T07:32:20|SJXW04999266536197|MidnightBlue|(173)946-2487x238|3.682895|102.422089|33
1995-08-06T09:48:38|WZGQ76871413493179|HotPink|001-605-581-7357x9211|14.308965|-106.852688|43
1993-01-25T22:04:54|ASPP54646398970145|Gray|3934271866|66.5491995|-98.977894|35
1994-08-23T10:31:43|IPWB09260001101561|Khaki|+1-738-449-8121x30088|-52.4373835|171.730207|76
1983-02-24T10:37:03|NHZV90867233104481|LightPink|001-736-556-1922x188|-53.435683|-104.994232|89
1971-06-06T17:46:38|KTNZ41761302364169|DarkSeaGreen|(599)167-6403x2391|63.428357|-57.531171|35
2014-10-26T07:45:53|EIUN67126937949995|SandyBrown|(252)964-4484|-23.344104|158.117963|71
1999-03-17T22:30:52|TSLC11433064098058|LightPink|555-906-2787|73.678475|-152.012658|1
1981-09-08T09:11:33|XPRA46372162660323|Fuchsia|802.955.9997|35.7370755|-57.927095|66
2019-02-05T13:55:34|LXOP57955192474111|LightGray|(670)386-2567|25.7194855|-124.126258|24
1977-01-14T06:30:42|EYHW33008056308292|MediumSpringGreen|001-828-732-1078x83127|-28.386618|49.114584|10
1994-01-12T09:21:00|THJE72019708428741|LawnGreen|+1-796-365-1295|4.8872225|-1.749775|30
1976-03-21T02:57:30|RAYX08194842262300|DarkOrange|7223502830|-38.889712|179.523955|92
1988-06-28T13:14:32|RWQF75391692809166|DarkOrchid|696-874-0330x45441|-84.937338|29.129893|52
1976-10-11T07:52:06|LGMA84458015176429|Tomato|+1-280-924-1150x5096|75.1613175|127.705263|62
2017-12-24T20:06:18|KTUD25523228058837|MidnightBlue|354.047.6253x9501|-66.662324|-117.824187|71
1992-06-06T13:15:01|UVIR27788826031748|MediumBlue|001-045-880-9718x61422|73.5180485|-61.788918|97
1995-01-16T02:20:39|YIRH59205596757799|WhiteSmoke|379-830-4576|-51.668483|57.378501|30
1987-01-08T14:53:12|IWCZ08958970152213|DarkOliveGreen|+1-960-083-4761|-55.1289715|92.508858|88
2013-04-03T09:59:39|PNQF74611399799271|MediumTurquoise|001-603-387-8852x8589|47.466281|32.903689|60
2004-11-16T23:46:17|QOTU97630900737949|MediumAquaMarine|445.744.4107x6926|-53.6437135|27.018160|82
2013-07-27T11:42:44|UIRH75916043598398|Gainsboro|907.996.5857x8375|21.8408735|177.552350|91
2007-07-30T02:39:02|BMIV40730717761350|MediumVioletRed|8836922338|-3.6854265|-28.322587|62
1970-12-06T08:57:17|GEPP28502312653273|FloralWhite|514.972.4903x22347|40.808292|-139.822417|57
1989-11-15T04:13:54|LPXP55557020061741|DarkMagenta|001-459-476-1218x93912|38.207213|-172.339313|2
1998-06-24T06:38:12|ILKX22830564468530|Thistle|559-502-6356x0777|54.668879|145.190836|11
2015-09-28T17:34:24|IUGD63990460082369|GreenYellow|269.022.2097x55061|32.9196965|145.071135|37
1972-07-11T18:39:07|LYMX15120039344907|LawnGreen|(216)218-3339x192|65.1533935|22.896651|28
2014-02-24T23:09:58|PCWF71226008228377|PaleTurquoise|(054)985-7887|-45.3014805|113.937946|51
1979-11-21T06:51:22|BFER01269804466589|Fuchsia|001-476-096-0647|-48.2229895|156.954778|88
1987-06-30T12:00:14|XZEL78747788407094|Khaki|(706)129-8897x284|-48.3755375|34.150036|31
2005-07-21T15:09:47|BPNZ61641700537186|Azure|688-031-6647x9512|35.147858|132.798875|39
2005-08-21T13:15:53|EDET42853541601991|White|(480)870-1708x67152|-79.421070|77.450230|84
2001-10-20T18:44:22|QSBV04336895796724|Ivory|511.090.0701x78502|-86.826919|19.836240|74
1973-04-09T16:01:58|DROE39201029759974|MidnightBlue|539.659.7442x52694|89.569645|168.131886|47
1981-04-13T01:46:44|BCHJ37405133793766|PaleGreen|+1-976-816-0855x717|-9.152977|141.430887|60
2014-09-24T06:14:56|BJHS88144990803586|DarkGoldenRod|001-574-450-9998|27.2337355|-67.740440|70
1982-06-06T23:21:19|GTIZ91111085184668|MediumSeaGreen|593.213.5961x83073|84.7070265|-32.361429|67
2017-03-04T01:57:21|YNWB22642597205548|RoyalBlue|+1-878-192-1474x9847|-8.114543|27.552390|44
1970-05-03T06:48:50|HPYY78472146172758|Bisque|292.676.9889|32.1370645|136.582188|54
2006-11-13T11:20:29|NYIH84741340192936|YellowGreen|001-596-275-1934x638|71.8157425|-165.388863|95
1977-07-18T22:26:48|DHZH47936561156862|OliveDrab|+1-307-065-9480|-5.154853|-55.410735|70
1976-12-13T15:45:11|JDDQ43303727186244|LightBlue|+1-631-121-3807x82878|-77.2530545|32.113846|42
1998-04-28T14:50:08|CSHQ85866356541802|MediumSpringGreen|(825)212-8866x90594|14.720235|136.395181|45
2018-08-22T05:44:39|PTEN28470520313298|LimeGreen|001-123-203-6686x427|38.991336|112.669840|89
1996-06-26T14:13:34|DYSU27287603208778|DarkRed|106.283.3455|38.9399265|-49.691836|58
1993-04-13T12:23:42|XEYD77004535859730|Thistle|+1-322-857-0424x025|1.854039|1.328768|34
1989-10-04T18:46:00|XNSS39770411678815|Plum|467-386-5690x44846|44.0730535|-57.451646|39
1984-02-07T16:58:08|EEWZ24895587700623|NavajoWhite|599.426.4076|-83.549645|161.546560|32
2007-10-12T12:59:01|PFCY03398013871628|DarkRed|890-581-0801x533|32.6842095|-29.566883|29
1983-06-16T12:50:46|ILDR72871565969579|Moccasin|759.599.5505|-2.970504|168.181342|15
1986-05-01T23:54:17|RKOQ71485418395252|PaleGreen|520.788.2165x11921|-9.638635|20.929773|92
2003-06-11T11:02:48|HHDU02769473088240|DarkKhaki|001-321-244-0293|27.1742245|-54.612947|24
1989-09-15T02:10:15|QUAG21805257959900|DeepSkyBlue|+1-941-232-5460x1891|-59.4377405|-70.507134|40
1990-08-05T06:39:34|TSGU57133996276861|DarkGreen|(211)202-9138|-67.5633585|-59.854558|15
1972-09-07T02:59:26|CPHA98908881966452|DarkKhaki|+1-199-082-1335x6831|28.7205895|-98.607971|95
1985-11-21T18:54:21|TWQM41710389191874|Beige|+1-013-320-3449x5607|-69.434309|-42.506398|68
2005-05-02T17:54:31|MKBS75257231631603|MistyRose|001-811-057-0399x6306|17.0889375|67.850001|97
1971-07-19T10:59:33|APHX66932337007158|RosyBrown|+1-971-408-6332x343|-81.7802905|38.088139|88
1992-12-23T05:13:47|XUHW88839237590972|Crimson|+1-582-585-4551x39196|-83.5773515|-64.695569|23
1991-02-25T07:47:17|NETL88387369323800|DarkTurquoise|(475)846-6486|38.7438015|-37.327118|24
1976-09-08T09:18:34|KMCB31755297760145|LightSeaGreen|1144157281|-6.3539435|-65.015198|27
2017-11-04T08:11:52|JBKJ14603611892605|GhostWhite|+1-465-426-8368|-21.4179715|-55.728285|94
2004-01-06T09:19:24|LZUF45459566003011|MediumPurple|227-238-6974x21736|52.3719835|-55.577989|61
2006-05-31T11:14:10|JUBP70934099165081|Blue|403-484-8437x70062|40.731873|126.237866|35
1992-07-04T01:54:41|SOWD29544966954217|Salmon|+1-562-752-8001|21.375487|-144.117213|92
2014-02-14T02:23:20|ZFHP45923516383264|SpringGreen|(710)017-0781x2945|30.3856795|37.451887|75
